date_key,release_date_parsed,release_year,release_month,release_day,release_quarter,release_weekday
202507292081,2025-07-29,2025,7,29,3,Tuesday
202507013444,2025-07-01,2025,7,1,3,Tuesday
202501171464,2025-01-17,2025,1,17,1,Friday
202507274274,2025-07-27,2025,7,27,3,Sunday
202501298160,2025-01-29,2025,1,29,1,Wednesday
202506062818,2025-06-06,2025,6,6,2,Friday
202507187404,2025-07-18,2025,7,18,3,Friday
202407056022,2024-07-05,2024,7,5,3,Friday
202508048704,2025-08-04,2025,8,4,3,Monday
202508085816,2025-08-08,2025,8,8,3,Friday
202507259342,2025-07-25,2025,7,25,3,Friday
202506251254,2025-06-25,2025,6,25,2,Wednesday
202505178453,2025-05-17,2025,5,17,2,Saturday
202507316713,2025-07-31,2025,7,31,3,Thursday
202506184096,2025-06-18,2025,6,18,2,Wednesday
202507234487,2025-07-23,2025,7,23,3,Wednesday
202507099005,2025-07-09,2025,7,9,3,Wednesday
202503209327,2025-03-20,2025,3,20,1,Thursday
202505083210,2025-05-08,2025,5,8,2,Thursday
202506271972,2025-06-27,2025,6,27,2,Friday
202506209154,2025-06-20,2025,6,20,2,Friday
202506043900,2025-06-04,2025,6,4,2,Wednesday
202507169445,2025-07-16,2025,7,16,3,Wednesday
202301188124,2023-01-18,2023,1,18,1,Wednesday
202507112726,2025-07-11,2025,7,11,3,Friday
202506191170,2025-06-19,2025,6,19,2,Thursday
202505159671,2025-05-15,2025,5,15,2,Thursday
202505142053,2025-05-14,2025,5,14,2,Wednesday
200208096439,2002-08-09,2002,8,9,3,Friday
202101161309,2021-01-16,2021,1,16,1,Saturday
202504307730,2025-04-30,2025,4,30,2,Wednesday
202501138245,2025-01-13,2025,1,13,1,Monday
202507104374,2025-07-10,2025,7,10,3,Thursday
202508062202,2025-08-06,2025,8,6,3,Wednesday
200511234277,2005-11-23,2005,11,23,4,Wednesday
202504046418,2025-04-04,2025,4,4,2,Friday
202405105762,2024-05-10,2024,5,10,2,Friday
202507245143,2025-07-24,2025,7,24,3,Thursday
202410285726,2024-10-28,2024,10,28,4,Monday
202306036130,2023-06-03,2023,6,3,2,Saturday
202308165715,2023-08-16,2023,8,16,3,Wednesday
201907261307,2019-07-26,2019,7,26,3,Friday
202505287592,2025-05-28,2025,5,28,2,Wednesday
202502149991,2025-02-14,2025,2,14,1,Friday
202502215012,2025-02-21,2025,2,21,1,Friday
202005297886,2020-05-29,2020,5,29,2,Friday
202506127246,2025-06-12,2025,6,12,2,Thursday
202503311321,2025-03-31,2025,3,31,1,Monday
202507288727,2025-07-28,2025,7,28,3,Monday
202402076442,2024-02-07,2024,2,7,1,Wednesday
202506246576,2025-06-24,2025,6,24,2,Tuesday
197702231219,1977-02-23,1977,2,23,1,Wednesday
200910106189,2009-10-10,2009,10,10,4,Saturday
202008159401,2020-08-15,2020,8,15,3,Saturday
202504187664,2025-04-18,2025,4,18,2,Friday
202507306369,2025-07-30,2025,7,30,3,Wednesday
202407093554,2024-07-09,2024,7,9,3,Tuesday
202503283760,2025-03-28,2025,3,28,1,Friday
202503265260,2025-03-26,2025,3,26,1,Wednesday
202506057259,2025-06-05,2025,6,5,2,Thursday
202504095025,2025-04-09,2025,4,9,2,Wednesday
202411214839,2024-11-21,2024,11,21,4,Thursday
202409072925,2024-09-07,2024,9,7,3,Saturday
202507057652,2025-07-05,2025,7,5,3,Saturday
202504251096,2025-04-25,2025,4,25,2,Friday
202306081524,2023-06-08,2023,6,8,2,Thursday
202504164370,2025-04-16,2025,4,16,2,Wednesday
202504232767,2025-04-23,2025,4,23,2,Wednesday
202412198483,2024-12-19,2024,12,19,4,Thursday
202508072075,2025-08-07,2025,8,7,3,Thursday
202507022944,2025-07-02,2025,7,2,3,Wednesday
202409061026,2024-09-06,2024,9,6,3,Friday
202410048291,2024-10-04,2024,10,4,4,Friday
201411054216,2014-11-05,2014,11,5,4,Wednesday
199409231676,1994-09-23,1994,9,23,3,Friday
202406118512,2024-06-11,2024,6,11,2,Tuesday
202406202571,2024-06-20,2024,6,20,2,Thursday
202502139848,2025-02-13,2025,2,13,1,Thursday
202502127920,2025-02-12,2025,2,12,1,Wednesday
202407246022,2024-07-24,2024,7,24,3,Wednesday
202505096812,2025-05-09,2025,5,9,2,Friday
202411011900,2024-11-01,2024,11,1,4,Friday
202407127949,2024-07-12,2024,7,12,3,Friday
202410248382,2024-10-24,2024,10,24,4,Thursday
200111167763,2001-11-16,2001,11,16,4,Friday
201708087328,2017-08-08,2017,8,8,3,Tuesday
200308052162,2003-08-05,2003,8,5,3,Tuesday
202406281425,2024-06-28,2024,6,28,2,Friday
202506139017,2025-06-13,2025,6,13,2,Friday
202204262582,2022-04-26,2022,4,26,2,Tuesday
202402132518,2024-02-13,2024,2,13,1,Tuesday
202210241936,2022-10-24,2022,10,24,4,Monday
202211033015,2022-11-03,2022,11,3,4,Thursday
202412187111,2024-12-18,2024,12,18,4,Wednesday
202503127165,2025-03-12,2025,3,12,1,Wednesday
201812118196,2018-12-11,2018,12,11,4,Tuesday
202404115615,2024-04-11,2024,4,11,2,Thursday
201204255013,2012-04-25,2012,4,25,2,Wednesday
202203178320,2022-03-17,2022,3,17,1,Thursday
200210317149,2002-10-31,2002,10,31,4,Thursday
201804256322,2018-04-25,2018,4,25,2,Wednesday
202503076846,2025-03-07,2025,3,7,1,Friday
202412261967,2024-12-26,2024,12,26,4,Thursday
197308168916,1973-08-16,1973,8,16,3,Thursday
202403276113,2024-03-27,2024,3,27,1,Wednesday
200506292069,2005-06-29,2005,6,29,2,Wednesday
201112077472,2011-12-07,2011,12,7,4,Wednesday
202410225202,2024-10-22,2024,10,22,4,Tuesday
202501026099,2025-01-02,2025,1,2,1,Thursday
202206019595,2022-06-01,2022,6,1,2,Wednesday
202112154627,2021-12-15,2021,12,15,4,Wednesday
199602168947,1996-02-16,1996,2,16,1,Friday
197901242312,1979-01-24,1979,1,24,1,Wednesday
202504116009,2025-04-11,2025,4,11,2,Friday
197203141746,1972-03-14,1972,3,14,1,Tuesday
201307184791,2013-07-18,2013,7,18,3,Thursday
201007156347,2010-07-15,2010,7,15,3,Thursday
202505011682,2025-05-01,2025,5,1,2,Thursday
202501226316,2025-01-22,2025,1,22,1,Wednesday
199711184122,1997-11-18,1997,11,18,4,Tuesday
202305175508,2023-05-17,2023,5,17,2,Wednesday
202303168125,2023-03-16,2023,3,16,1,Thursday
202411299784,2024-11-29,2024,11,29,4,Friday
200112189551,2001-12-18,2001,12,18,4,Tuesday
200912154425,2009-12-15,2009,12,15,4,Tuesday
202409126236,2024-09-12,2024,9,12,3,Thursday
202412111769,2024-12-11,2024,12,11,4,Wednesday
202507175041,2025-07-17,2025,7,17,3,Thursday
202307153969,2023-07-15,2023,7,15,3,Saturday
200807167220,2008-07-16,2008,7,16,3,Wednesday
202503278546,2025-03-27,2025,3,27,1,Thursday
202501104260,2025-01-10,2025,1,10,1,Friday
202212147971,2022-12-14,2022,12,14,4,Wednesday
202408133550,2024-08-13,2024,8,13,3,Tuesday
197311209615,1973-11-20,1973,11,20,4,Tuesday
202404249904,2024-04-24,2024,4,24,2,Wednesday
202403029210,2024-03-02,2024,3,2,1,Saturday
201502118662,2015-02-11,2015,2,11,1,Wednesday
200512075361,2005-12-07,2005,12,7,4,Wednesday
201707059339,2017-07-05,2017,7,5,3,Wednesday
201409102353,2014-09-10,2014,9,10,3,Wednesday
202504172931,2025-04-17,2025,4,17,2,Thursday
202408293640,2024-08-29,2024,8,29,3,Thursday
202410112981,2024-10-11,2024,10,11,4,Friday
201506067477,2015-06-06,2015,6,6,2,Saturday
202502272338,2025-02-27,2025,2,27,1,Thursday
201004282594,2010-04-28,2010,4,28,2,Wednesday
200009011778,2000-09-01,2000,9,1,3,Friday
200211131483,2002-11-13,2002,11,13,4,Wednesday
201602117211,2016-02-11,2016,2,11,1,Thursday
202205218388,2022-05-21,2022,5,21,2,Saturday
202309226370,2023-09-22,2023,9,22,3,Friday
200511162537,2005-11-16,2005,11,16,4,Wednesday
202411134323,2024-11-13,2024,11,13,4,Wednesday
202501317888,2025-01-31,2025,1,31,1,Friday
200307099220,2003-07-09,2003,7,9,3,Wednesday
200312178111,2003-12-17,2003,12,17,4,Wednesday
200405314307,2004-05-31,2004,5,31,2,Monday
202410146685,2024-10-14,2024,10,14,4,Monday
202408301862,2024-08-30,2024,8,30,3,Friday
200105182170,2001-05-18,2001,5,18,2,Friday
202508136173,2025-08-13,2025,8,13,3,Wednesday
202305312919,2023-05-31,2023,5,31,2,Wednesday
201806063511,2018-06-06,2018,6,6,2,Wednesday
202203014962,2022-03-01,2022,3,1,1,Tuesday
200707088197,2007-07-08,2007,7,8,3,Sunday
202405303229,2024-05-30,2024,5,30,2,Thursday
200205013576,2002-05-01,2002,5,1,2,Wednesday
202508014483,2025-08-01,2025,8,1,3,Friday
200706131575,2007-06-13,2007,6,13,2,Wednesday
201107125105,2011-07-12,2011,7,12,3,Tuesday
202110087338,2021-10-08,2021,10,8,4,Friday
201606013203,2016-06-01,2016,6,1,2,Wednesday
201508051774,2015-08-05,2015,8,5,3,Wednesday
202004297065,2020-04-29,2020,4,29,2,Wednesday
202410314052,2024-10-31,2024,10,31,4,Thursday
202106064355,2021-06-06,2021,6,6,2,Sunday
199406235298,1994-06-23,1994,6,23,2,Thursday
200810179622,2008-10-17,2008,10,17,4,Friday
202402278730,2024-02-27,2024,2,27,1,Tuesday
202412098893,2024-12-09,2024,12,9,4,Monday
201904115511,2019-04-11,2019,4,11,2,Thursday
201003182736,2010-03-18,2010,3,18,1,Thursday
201705302451,2017-05-30,2017,5,30,2,Tuesday
202303221904,2023-03-22,2023,3,22,1,Wednesday
200811206800,2008-11-20,2008,11,20,4,Thursday
202005061115,2020-05-06,2020,5,6,2,Wednesday
202403086495,2024-03-08,2024,3,8,1,Friday
195406304700,1954-06-30,1954,6,30,2,Wednesday
200410273637,2004-10-27,2004,10,27,4,Wednesday
201312259647,2013-12-25,2013,12,25,4,Wednesday
202307079801,2023-07-07,2023,7,7,3,Friday
201906282562,2019-06-28,2019,6,28,2,Friday
202402147934,2024-02-14,2024,2,14,1,Wednesday
200902059539,2009-02-05,2009,2,5,1,Thursday
201603231973,2016-03-23,2016,3,23,1,Wednesday
202307193936,2023-07-19,2023,7,19,3,Wednesday
199509225674,1995-09-22,1995,9,22,3,Friday
201011174360,2010-11-17,2010,11,17,4,Wednesday
201006241098,2010-06-24,2010,6,24,2,Thursday
198204098032,1982-04-09,1982,4,9,2,Friday
201406054850,2014-06-05,2014,6,5,2,Thursday
199910153517,1999-10-15,1999,10,15,4,Friday
202304051592,2023-04-05,2023,4,5,2,Wednesday
202406074829,2024-06-07,2024,6,7,2,Friday
202110285021,2021-10-28,2021,10,28,4,Thursday
202407187681,2024-07-18,2024,7,18,3,Thursday
199409101964,1994-09-10,1994,9,10,3,Saturday
199903311931,1999-03-31,1999,3,31,1,Wednesday
199511224983,1995-11-22,1995,11,22,4,Wednesday
202504297793,2025-04-29,2025,4,29,2,Tuesday
202104221077,2021-04-22,2021,4,22,2,Thursday
202410162263,2024-10-16,2024,10,16,4,Wednesday
202405027693,2024-05-02,2024,5,2,2,Thursday
202411201727,2024-11-20,2024,11,20,4,Wednesday
202403222462,2024-03-22,2024,3,22,1,Friday
200907153276,2009-07-15,2009,7,15,3,Wednesday
201303064770,2013-03-06,2013,3,6,1,Wednesday
202004109195,2020-04-10,2020,4,10,2,Friday
201412104439,2014-12-10,2014,12,10,4,Wednesday
202405089808,2024-05-08,2024,5,8,2,Wednesday
202105255703,2021-05-25,2021,5,25,2,Tuesday
201710278429,2017-10-27,2017,10,27,4,Friday
200804303537,2008-04-30,2008,4,30,2,Wednesday
197905257163,1979-05-25,1979,5,25,2,Friday
201504226729,2015-04-22,2015,4,22,2,Wednesday
202206028385,2022-06-02,2022,6,2,2,Thursday
202310113422,2023-10-11,2023,10,11,4,Wednesday
202212285229,2022-12-28,2022,12,28,4,Wednesday
201702105328,2017-02-10,2017,2,10,1,Friday
202410025394,2024-10-02,2024,10,2,4,Wednesday
202312142020,2023-12-14,2023,12,14,4,Thursday
200111014580,2001-11-01,2001,11,1,4,Thursday
200107207094,2001-07-20,2001,7,20,3,Friday
200908028522,2009-08-02,2009,8,2,3,Sunday
200704268713,2007-04-26,2007,4,26,2,Thursday
202410096807,2024-10-09,2024,10,9,4,Wednesday
202502074302,2025-02-07,2025,2,7,1,Friday
202109159533,2021-09-15,2021,9,15,3,Wednesday
198402172161,1984-02-17,1984,2,17,1,Friday
201905308262,2019-05-30,2019,5,30,2,Thursday
202010163145,2020-10-16,2020,10,16,4,Friday
202205041250,2022-05-04,2022,5,4,2,Wednesday
201109286487,2011-09-28,2011,9,28,3,Wednesday
199406151838,1994-06-15,1994,6,15,2,Wednesday
202103184406,2021-03-18,2021,3,18,1,Thursday
200607063610,2006-07-06,2006,7,6,3,Thursday
201606085700,2016-06-08,2016,6,8,2,Wednesday
201801172673,2018-01-17,2018,1,17,1,Wednesday
202406054689,2024-06-05,2024,6,5,2,Wednesday
202307085728,2023-07-08,2023,7,8,3,Saturday
200705019446,2007-05-01,2007,5,1,2,Tuesday
196602113995,1966-02-11,1966,2,11,1,Friday
201904248587,2019-04-24,2019,4,24,2,Wednesday
201901037192,2019-01-03,2019,1,3,1,Thursday
199910306823,1999-10-30,1999,10,30,4,Saturday
202411267420,2024-11-26,2024,11,26,4,Tuesday
201206239152,2012-06-23,2012,6,23,2,Saturday
202308182172,2023-08-18,2023,8,18,3,Friday
201812061268,2018-12-06,2018,12,6,4,Thursday
197705255663,1977-05-25,1977,5,25,2,Wednesday
199907098158,1999-07-09,1999,7,9,3,Friday
202305186533,2023-05-18,2023,5,18,2,Thursday
202412275136,2024-12-27,2024,12,27,4,Friday
202306183530,2023-06-18,2023,6,18,2,Sunday
200212183578,2002-12-18,2002,12,18,4,Wednesday
201602093948,2016-02-09,2016,2,9,1,Tuesday
201304188675,2013-04-18,2013,4,18,2,Thursday
201207179319,2012-07-17,2012,7,17,3,Tuesday
202306069115,2023-06-06,2023,6,6,2,Tuesday
201704198837,2017-04-19,2017,4,19,2,Wednesday
200001287592,2000-01-28,2000,1,28,1,Friday
202401086231,2024-01-08,2024,1,8,1,Monday
202410014410,2024-10-01,2024,10,1,4,Tuesday
202410068222,2024-10-06,2024,10,6,4,Sunday
201410243495,2014-10-24,2014,10,24,4,Friday
200705196719,2007-05-19,2007,5,19,2,Saturday
200005047674,2000-05-04,2000,5,4,2,Thursday
202412252610,2024-12-25,2024,12,25,4,Wednesday
201410152099,2014-10-15,2014,10,15,4,Wednesday
200509129803,2005-09-12,2005,9,12,3,Monday
200906029878,2009-06-02,2009,6,2,2,Tuesday
202308115916,2023-08-11,2023,8,11,3,Friday
201311202977,2013-11-20,2013,11,20,4,Wednesday
201309195477,2013-09-19,2013,9,19,3,Thursday
201409245053,2014-09-24,2014,9,24,3,Wednesday
201702084274,2017-02-08,2017,2,8,1,Wednesday
202505027372,2025-05-02,2025,5,2,2,Friday
201607209201,2016-07-20,2016,7,20,3,Wednesday
198812028872,1988-12-02,1988,12,2,4,Friday
201508206006,2015-08-20,2015,8,20,3,Thursday
202310258516,2023-10-25,2023,10,25,4,Wednesday
201907241895,2019-07-24,2019,7,24,3,Wednesday
201306124066,2013-06-12,2013,6,12,2,Wednesday
201105153166,2011-05-15,2011,5,15,2,Sunday
202305038987,2023-05-03,2023,5,3,2,Wednesday
202306136348,2023-06-13,2023,6,13,2,Tuesday
201806144079,2018-06-14,2018,6,14,2,Thursday
202507261844,2025-07-26,2025,7,26,3,Saturday
201309218039,2013-09-21,2013,9,21,3,Saturday
202305131133,2023-05-13,2023,5,13,2,Saturday
199912104706,1999-12-10,1999,12,10,4,Friday
202208189952,2022-08-18,2022,8,18,3,Thursday
200405193617,2004-05-19,2004,5,19,2,Wednesday
195704101319,1957-04-10,1957,4,10,2,Wednesday
202502068934,2025-02-06,2025,2,6,1,Thursday
202202174482,2022-02-17,2022,2,17,1,Thursday
201410012547,2014-10-01,2014,10,1,4,Wednesday
201504017036,2015-04-01,2015,4,1,2,Wednesday
201506173316,2015-06-17,2015,6,17,2,Wednesday
200506102798,2005-06-10,2005,6,10,2,Friday
197412203487,1974-12-20,1974,12,20,4,Friday
202404168160,2024-04-16,2024,4,16,2,Tuesday
201011241417,2010-11-24,2010,11,24,4,Wednesday
202312216257,2023-12-21,2023,12,21,4,Thursday
202212075095,2022-12-07,2022,12,7,4,Wednesday
202409261657,2024-09-26,2024,9,26,3,Thursday
200706289293,2007-06-28,2007,6,28,2,Thursday
202502288831,2025-02-28,2025,2,28,1,Friday
201405147877,2014-05-14,2014,5,14,2,Wednesday
201905155963,2019-05-15,2019,5,15,2,Wednesday
202411148146,2024-11-14,2024,11,14,4,Thursday
202404304941,2024-04-30,2024,4,30,2,Tuesday
202505236337,2025-05-23,2025,5,23,2,Friday
200606298119,2006-06-29,2006,6,29,2,Thursday
198312091050,1983-12-09,1983,12,9,4,Friday
201604275562,2016-04-27,2016,4,27,2,Wednesday
201710041418,2017-10-04,2017,10,4,4,Wednesday
197506205026,1975-06-20,1975,6,20,2,Friday
202404182005,2024-04-18,2024,4,18,2,Thursday
201503069458,2015-03-06,2015,3,6,1,Friday
201809059548,2018-09-05,2018,9,5,3,Wednesday
198605164223,1986-05-16,1986,5,16,2,Friday
200410283945,2004-10-28,2004,10,28,4,Thursday
201404168165,2014-04-16,2014,4,16,2,Wednesday
199111222943,1991-11-22,1991,11,22,4,Friday
200003178553,2000-03-17,2000,3,17,1,Friday
202110035982,2021-10-03,2021,10,3,4,Sunday
202211094643,2022-11-09,2022,11,9,4,Wednesday
198507038484,1985-07-03,1985,7,3,3,Wednesday
202306148938,2023-06-14,2023,6,14,2,Wednesday
199306115656,1993-06-11,1993,6,11,2,Friday
201910019558,2019-10-01,2019,10,1,4,Tuesday
202504039306,2025-04-03,2025,4,3,2,Thursday
201002146677,2010-02-14,2010,2,14,1,Sunday
202102271925,2021-02-27,2021,2,27,1,Saturday
202409206005,2024-09-20,2024,9,20,3,Friday
200305303427,2003-05-30,2003,5,30,2,Friday
202503134142,2025-03-13,2025,3,13,1,Thursday
201410103237,2014-10-10,2014,10,10,4,Friday
200507135813,2005-07-13,2005,7,13,3,Wednesday
201006109064,2010-06-10,2010,6,10,2,Thursday
202208033605,2022-08-03,2022,8,3,3,Wednesday
202308025127,2023-08-02,2023,8,2,3,Wednesday
202304181032,2023-04-18,2023,4,18,2,Tuesday
200203146645,2002-03-14,2002,3,14,1,Thursday
201505137372,2015-05-13,2015,5,13,2,Wednesday
199312154785,1993-12-15,1993,12,15,4,Wednesday
202201182419,2022-01-18,2022,1,18,1,Tuesday
197112299246,1971-12-29,1971,12,29,4,Wednesday
200912086103,2009-12-08,2009,12,8,4,Tuesday
200709069562,2007-09-06,2007,9,6,3,Thursday
200206219273,2002-06-21,2002,6,21,2,Friday
199107032060,1991-07-03,1991,7,3,3,Wednesday
198410267787,1984-10-26,1984,10,26,4,Friday
199710172409,1997-10-17,1997,10,17,4,Friday
200905289117,2009-05-28,2009,5,28,2,Thursday
202410176748,2024-10-17,2024,10,17,4,Thursday
199605225865,1996-05-22,1996,5,22,2,Wednesday
200405253391,2004-05-25,2004,5,25,2,Tuesday
199009129774,1990-09-12,1990,9,12,3,Wednesday
202405093004,2024-05-09,2024,5,9,2,Thursday
202409115009,2024-09-11,2024,9,11,3,Wednesday
200406232719,2004-06-23,2004,6,23,2,Wednesday
202203104387,2022-03-10,2022,3,10,1,Thursday
202412082695,2024-12-08,2024,12,8,4,Sunday
202405226486,2024-05-22,2024,5,22,2,Wednesday
202201317418,2022-01-31,2022,1,31,1,Monday
202409242560,2024-09-24,2024,9,24,3,Tuesday
200802187676,2008-02-18,2008,2,18,1,Monday
202411079018,2024-11-07,2024,11,7,4,Thursday
201306195910,2013-06-19,2013,6,19,2,Wednesday
201911204616,2019-11-20,2019,11,20,4,Wednesday
202209089325,2022-09-08,2022,9,8,3,Thursday
199110223953,1991-10-22,1991,10,22,4,Tuesday
201212121991,2012-12-12,2012,12,12,4,Wednesday
198706125393,1987-06-12,1987,6,12,2,Friday
201307113935,2013-07-11,2013,7,11,3,Thursday
201909045763,2019-09-04,2019,9,4,3,Wednesday
198906027444,1989-06-02,1989,6,2,2,Friday
200911205543,2009-11-20,2009,11,20,4,Friday
199311195632,1993-11-19,1993,11,19,4,Friday
199712054217,1997-12-05,1997,12,5,4,Friday
201005209113,2010-05-20,2010,5,20,2,Thursday
201007082937,2010-07-08,2010,7,8,3,Thursday
201710029669,2017-10-02,2017,10,2,4,Monday
201512037283,2015-12-03,2015,12,3,4,Thursday
202409199265,2024-09-19,2024,9,19,3,Thursday
197501074405,1975-01-07,1975,1,7,1,Tuesday
201511254913,2015-11-25,2015,11,25,4,Wednesday
202104262057,2021-04-26,2021,4,26,2,Monday
202109015209,2021-09-01,2021,9,1,3,Wednesday
201610139022,2016-10-13,2016,10,13,4,Thursday
202209221095,2022-09-22,2022,9,22,3,Thursday
199806042908,1998-06-04,1998,6,4,2,Thursday
200509163191,2005-09-16,2005,9,16,3,Friday
202109033458,2021-09-03,2021,9,3,3,Friday
201907319198,2019-07-31,2019,7,31,3,Wednesday
199304179947,1993-04-17,1993,4,17,2,Saturday
200212168976,2002-12-16,2002,12,16,4,Monday
202502197322,2025-02-19,2025,2,19,1,Wednesday
201703142026,2017-03-14,2017,3,14,1,Tuesday
200404305449,2004-04-30,2004,4,30,2,Friday
202110136428,2021-10-13,2021,10,13,4,Wednesday
202501168703,2025-01-16,2025,1,16,1,Thursday
202307013044,2023-07-01,2023,7,1,3,Saturday
197812148810,1978-12-14,1978,12,14,4,Thursday
201411142321,2014-11-14,2014,11,14,4,Friday
200505256842,2005-05-25,2005,5,25,2,Wednesday
202504249155,2025-04-24,2025,4,24,2,Thursday
200405134402,2004-05-13,2004,5,13,2,Thursday
201108123225,2011-08-12,2011,8,12,3,Friday
201705239406,2017-05-23,2017,5,23,2,Tuesday
202409276643,2024-09-27,2024,9,27,3,Friday
202502267231,2025-02-26,2025,2,26,1,Wednesday
201811167426,2018-11-16,2018,11,16,4,Friday
202503175084,2025-03-17,2025,3,17,1,Monday
202101282302,2021-01-28,2021,1,28,1,Thursday
202312063663,2023-12-06,2023,12,6,4,Wednesday
200506285328,2005-06-28,2005,6,28,2,Tuesday
201405272262,2014-05-27,2014,5,27,2,Tuesday
201701199765,2017-01-19,2017,1,19,1,Thursday
202308303045,2023-08-30,2023,8,30,3,Wednesday
201809286223,2018-09-28,2018,9,28,3,Friday
202312203009,2023-12-20,2023,12,20,4,Wednesday
200409098089,2004-09-09,2004,9,9,3,Thursday
199806185487,1998-06-18,1998,6,18,2,Thursday
201709069341,2017-09-06,2017,9,6,3,Wednesday
202504107113,2025-04-10,2025,4,10,2,Thursday
202012168531,2020-12-16,2020,12,16,4,Wednesday
201108171131,2011-08-17,2011,8,17,3,Wednesday
201701139234,2017-01-13,2017,1,13,1,Friday
201001063860,2010-01-06,2010,1,6,1,Wednesday
201105257359,2011-05-25,2011,5,25,2,Wednesday
202408153647,2024-08-15,2024,8,15,3,Thursday
201608267964,2016-08-26,2016,8,26,3,Friday
202412054747,2024-12-05,2024,12,5,4,Thursday
202406261187,2024-06-26,2024,6,26,2,Wednesday
198607181206,1986-07-18,1986,7,18,3,Friday
201104214453,2011-04-21,2011,4,21,2,Thursday
195002222930,1950-02-22,1950,2,22,1,Wednesday
201405281982,2014-05-28,2014,5,28,2,Wednesday
201903089387,2019-03-08,2019,3,8,1,Friday
199407291389,1994-07-29,1994,7,29,3,Friday
202407193292,2024-07-19,2024,7,19,3,Friday
202503293204,2025-03-29,2025,3,29,1,Saturday
201006232527,2010-06-23,2010,6,23,2,Wednesday
202208118844,2022-08-11,2022,8,11,3,Thursday
202312077579,2023-12-07,2023,12,7,4,Thursday
201211136456,2012-11-13,2012,11,13,4,Tuesday
202403154692,2024-03-15,2024,3,15,1,Friday
201412166563,2014-12-16,2014,12,16,4,Tuesday
201907129156,2019-07-12,2019,7,12,3,Friday
199904169429,1999-04-16,1999,4,16,2,Friday
201111167122,2011-11-16,2011,11,16,4,Wednesday
202408237728,2024-08-23,2024,8,23,3,Friday
200301313416,2003-01-31,2003,1,31,1,Friday
200311215611,2003-11-21,2003,11,21,4,Friday
200806226064,2008-06-22,2008,6,22,2,Sunday
201811218991,2018-11-21,2018,11,21,4,Wednesday
201803283077,2018-03-28,2018,3,28,1,Wednesday
202203201956,2022-03-20,2022,3,20,1,Sunday
200911182205,2009-11-18,2009,11,18,4,Wednesday
202008227280,2020-08-22,2020,8,22,3,Saturday
200806047858,2008-06-04,2008,6,4,2,Wednesday
201509302377,2015-09-30,2015,9,30,3,Wednesday
201003032811,2010-03-03,2010,3,3,1,Wednesday
202112015771,2021-12-01,2021,12,1,4,Wednesday
202410181652,2024-10-18,2024,10,18,4,Friday
201510234549,2015-10-23,2015,10,23,4,Friday
202404108579,2024-04-10,2024,4,10,2,Wednesday
201802136988,2018-02-13,2018,2,13,1,Tuesday
201311122799,2013-11-12,2013,11,12,4,Tuesday
201006168153,2010-06-16,2010,6,16,2,Wednesday
199203059225,1992-03-05,1992,3,5,1,Thursday
202503084157,2025-03-08,2025,3,8,1,Saturday
199807288958,1998-07-28,1998,7,28,3,Tuesday
202211231316,2022-11-23,2022,11,23,4,Wednesday
201404258083,2014-04-25,2014,4,25,2,Friday
201810167647,2018-10-16,2018,10,16,4,Tuesday
202109172806,2021-09-17,2021,9,17,3,Friday
199909202820,1999-09-20,1999,9,20,3,Monday
200503275417,2005-03-27,2005,3,27,1,Sunday
202206168549,2022-06-16,2022,6,16,2,Thursday
200610013440,2006-10-01,2006,10,1,4,Sunday
200509132408,2005-09-13,2005,9,13,3,Tuesday
199901311884,1999-01-31,1999,1,31,1,Sunday
202507315639,2025-07-31,2025,7,31,3,Thursday
202407023804,2024-07-02,2024,7,2,3,Tuesday
201104175456,2011-04-17,2011,4,17,2,Sunday
200309236297,2003-09-23,2003,9,23,3,Tuesday
200508292931,2005-08-29,2005,8,29,3,Monday
199009132085,1990-09-13,1990,9,13,3,Thursday
198912179788,1989-12-17,1989,12,17,4,Sunday
200509228952,2005-09-22,2005,9,22,3,Thursday
202506166992,2025-06-16,2025,6,16,2,Monday
200801207792,2008-01-20,2008,1,20,1,Sunday
199703232831,1997-03-23,1997,3,23,1,Sunday
202508087664,2025-08-08,2025,8,8,3,Friday
202506053545,2025-06-05,2025,6,5,2,Thursday
200411166535,2004-11-16,2004,11,16,4,Tuesday
202508126825,2025-08-12,2025,8,12,3,Tuesday
200010063378,2000-10-06,2000,10,6,4,Friday
202404134692,2024-04-13,2024,4,13,2,Saturday
199607226625,1996-07-22,1996,7,22,3,Monday
201312026252,2013-12-02,2013,12,2,4,Monday
201101095857,2011-01-09,2011,1,9,1,Sunday
200502069950,2005-02-06,2005,2,6,1,Sunday
201501142049,2015-01-14,2015,1,14,1,Wednesday
201010315347,2010-10-31,2010,10,31,4,Sunday
202410041914,2024-10-04,2024,10,4,4,Friday
201309238785,2013-09-23,2013,9,23,3,Monday
202507194648,2025-07-19,2025,7,19,3,Saturday
200909102062,2009-09-10,2009,9,10,3,Thursday
201601251875,2016-01-25,2016,1,25,1,Monday
201303032414,2013-03-03,2013,3,3,1,Sunday
201607151201,2016-07-15,2016,7,15,3,Friday
199509236011,1995-09-23,1995,9,23,3,Saturday
200410038924,2004-10-03,2004,10,3,4,Sunday
199409222369,1994-09-22,1994,9,22,3,Thursday
200809233408,2008-09-23,2008,9,23,3,Tuesday
201210106177,2012-10-10,2012,10,10,4,Wednesday
200903098475,2009-03-09,2009,3,9,1,Monday
201410076557,2014-10-07,2014,10,7,4,Tuesday
202501114512,2025-01-11,2025,1,11,1,Saturday
200110168289,2001-10-16,2001,10,16,4,Tuesday
200503242088,2005-03-24,2005,3,24,1,Thursday
202209237397,2022-09-23,2022,9,23,3,Friday
202202206936,2022-02-20,2022,2,20,1,Sunday
201510194418,2015-10-19,2015,10,19,4,Monday
202507139284,2025-07-13,2025,7,13,3,Sunday
200309224129,2003-09-22,2003,9,22,3,Monday
202507063624,2025-07-06,2025,7,6,3,Sunday
200909235594,2009-09-23,2009,9,23,3,Wednesday
200209234055,2002-09-23,2002,9,23,3,Monday
200409225139,2004-09-22,2004,9,22,3,Wednesday
202109231175,2021-09-23,2021,9,23,3,Thursday
200503265018,2005-03-26,2005,3,26,1,Saturday
201806205479,2018-06-20,2018,6,20,2,Wednesday
197011298072,1970-11-29,1970,11,29,4,Sunday
195709219754,1957-09-21,1957,9,21,3,Saturday
202507275286,2025-07-27,2025,7,27,3,Sunday
200111062106,2001-11-06,2001,11,6,4,Tuesday
201106237127,2011-06-23,2011,6,23,2,Thursday
197510118100,1975-10-11,1975,10,11,4,Saturday
201009205852,2010-09-20,2010,9,20,3,Monday
201901118703,2019-01-11,2019,1,11,1,Friday
197610038247,1976-10-03,1976,10,3,4,Sunday
195909125508,1959-09-12,1959,9,12,3,Saturday
201009241909,2010-09-24,2010,9,24,3,Friday
199301115034,1993-01-11,1993,1,11,1,Monday
197709247904,1977-09-24,1977,9,24,3,Saturday
201309125590,2013-09-12,2013,9,12,3,Thursday
197109155823,1971-09-15,1971,9,15,3,Wednesday
202401073919,2024-01-07,2024,1,7,1,Sunday
201401086086,2014-01-08,2014,1,8,1,Wednesday
202506283992,2025-06-28,2025,6,28,2,Saturday
200607076547,2006-07-07,2006,7,7,3,Friday
200509199139,2005-09-19,2005,9,19,3,Monday
201410105415,2014-10-10,2014,10,10,4,Friday
199708133180,1997-08-13,1997,8,13,3,Wednesday
202508064321,2025-08-06,2025,8,6,3,Wednesday
196210012090,1962-10-01,1962,10,1,4,Monday
201709256615,2017-09-25,2017,9,25,3,Monday
201711027860,2017-11-02,2017,11,2,4,Thursday
199901105143,1999-01-10,1999,1,10,1,Sunday
202503302903,2025-03-30,2025,3,30,1,Sunday
200510131896,2005-10-13,2005,10,13,4,Thursday
202102069980,2021-02-06,2021,2,6,1,Saturday
201308123956,2013-08-12,2013,8,12,3,Monday
201402174438,2014-02-17,2014,2,17,1,Monday
197403039403,1974-03-03,1974,3,3,1,Sunday
201106053828,2011-06-05,2011,6,5,2,Sunday
202507264566,2025-07-26,2025,7,26,3,Saturday
200210039921,2002-10-03,2002,10,3,4,Thursday
201105037699,2011-05-03,2011,5,3,2,Tuesday
196703286878,1967-03-28,1967,3,28,1,Tuesday
199810072791,1998-10-07,1998,10,7,4,Wednesday
199701126997,1997-01-12,1997,1,12,1,Sunday
200504228822,2005-04-22,2005,4,22,2,Friday
201801033637,2018-01-03,2018,1,3,1,Wednesday
198901086059,1989-01-08,1989,1,8,1,Sunday
202306156197,2023-06-15,2023,6,15,2,Thursday
199309107079,1993-09-10,1993,9,10,3,Friday
200410058801,2004-10-05,2004,10,5,4,Tuesday
200010152814,2000-10-15,2000,10,15,4,Sunday
200001094467,2000-01-09,2000,1,9,1,Sunday
202202033494,2022-02-03,2022,2,3,1,Thursday
196010035479,1960-10-03,1960,10,3,4,Monday
201809092889,2018-09-09,2018,9,9,3,Sunday
199704016274,1997-04-01,1997,4,1,2,Tuesday
202208053462,2022-08-05,2022,8,5,3,Friday
200109309365,2001-09-30,2001,9,30,3,Sunday
202011252875,2020-11-25,2020,11,25,4,Wednesday
202007252698,2020-07-25,2020,7,25,3,Saturday
201511173624,2015-11-17,2015,11,17,4,Tuesday
200702226168,2007-02-22,2007,2,22,1,Thursday
199707277934,1997-07-27,1997,7,27,3,Sunday
202305047990,2023-05-04,2023,5,4,2,Thursday
200809038291,2008-09-03,2008,9,3,3,Wednesday
198409304239,1984-09-30,1984,9,30,3,Sunday
195709222303,1957-09-22,1957,9,22,3,Sunday
195410073590,1954-10-07,1954,10,7,4,Thursday
201907258663,2019-07-25,2019,7,25,3,Thursday
201001223936,2010-01-22,2010,1,22,1,Friday
196911101851,1969-11-10,1969,11,10,4,Monday
200207123896,2002-07-12,2002,7,12,3,Friday
202309255193,2023-09-25,2023,9,25,3,Monday
198401014341,1984-01-01,1984,1,1,1,Sunday
202506256359,2025-06-25,2025,6,25,2,Wednesday
202508017426,2025-08-01,2025,8,1,3,Friday
200209265148,2002-09-26,2002,9,26,3,Thursday
197104035821,1971-04-03,1971,4,3,2,Saturday
201110255122,2011-10-25,2011,10,25,4,Tuesday
196601127330,1966-01-12,1966,1,12,1,Wednesday
202507172632,2025-07-17,2025,7,17,3,Thursday
201402253778,2014-02-25,2014,2,25,1,Tuesday
201112048245,2011-12-04,2011,12,4,4,Sunday
200907165056,2009-07-16,2009,7,16,3,Thursday
201401125180,2014-01-12,2014,1,12,1,Sunday
200909221925,2009-09-22,2009,9,22,3,Tuesday
202411075227,2024-11-07,2024,11,7,4,Thursday
198101158687,1981-01-15,1981,1,15,1,Thursday
201004054165,2010-04-05,2010,4,5,2,Monday
201909094123,2019-09-09,2019,9,9,3,Monday
195509064758,1955-09-06,1955,9,6,3,Tuesday
198904151457,1989-04-15,1989,4,15,2,Saturday
202211136866,2022-11-13,2022,11,13,4,Sunday
200205138479,2002-05-13,2002,5,13,2,Monday
201508076377,2015-08-07,2015,8,7,3,Friday
200708175179,2007-08-17,2007,8,17,3,Friday
200909301256,2009-09-30,2009,9,30,3,Wednesday
200509235295,2005-09-23,2005,9,23,3,Friday
198904264524,1989-04-26,1989,4,26,2,Wednesday
202103251833,2021-03-25,2021,3,25,1,Thursday
196409179632,1964-09-17,1964,9,17,3,Thursday
201510264566,2015-10-26,2015,10,26,4,Monday
202010037985,2020-10-03,2020,10,3,4,Saturday
199703047605,1997-03-04,1997,3,4,1,Tuesday
201403198679,2014-03-19,2014,3,19,1,Wednesday
201801214952,2018-01-21,2018,1,21,1,Sunday
198907056873,1989-07-05,1989,7,5,3,Wednesday
201906169808,2019-06-16,2019,6,16,2,Sunday
196209196741,1962-09-19,1962,9,19,3,Wednesday
196309178105,1963-09-17,1963,9,17,3,Tuesday
201110281162,2011-10-28,2011,10,28,4,Friday
200506138220,2005-06-13,2005,6,13,2,Monday
196310048191,1963-10-04,1963,10,4,4,Friday
201309179114,2013-09-17,2013,9,17,3,Tuesday
202211181574,2022-11-18,2022,11,18,4,Friday
198810043190,1988-10-04,1988,10,4,4,Tuesday
202401088559,2024-01-08,2024,1,8,1,Monday
201805022500,2018-05-02,2018,5,2,2,Wednesday
201809252401,2018-09-25,2018,9,25,3,Tuesday
200210209349,2002-10-20,2002,10,20,4,Sunday
202406175809,2024-06-17,2024,6,17,2,Monday
195209254924,1952-09-25,1952,9,25,3,Thursday
196809219624,1968-09-21,1968,9,21,3,Saturday
198209225315,1982-09-22,1982,9,22,3,Wednesday
200708051343,2007-08-05,2007,8,5,3,Sunday
199909229154,1999-09-22,1999,9,22,3,Wednesday
199703107330,1997-03-10,1997,3,10,1,Monday
198904235614,1989-04-23,1989,4,23,2,Sunday
201110023400,2011-10-02,2011,10,2,4,Sunday
195809309361,1958-09-30,1958,9,30,3,Tuesday
200504236599,2005-04-23,2005,4,23,2,Saturday
201904213381,2019-04-21,2019,4,21,2,Sunday
202505313278,2025-05-31,2025,5,31,2,Saturday
201509214842,2015-09-21,2015,9,21,3,Monday
202001064646,2020-01-06,2020,1,6,1,Monday
196509151950,1965-09-15,1965,9,15,3,Wednesday
202107113054,2021-07-11,2021,7,11,3,Sunday
196109276144,1961-09-27,1961,9,27,3,Wednesday
199311037288,1993-11-03,1993,11,3,4,Wednesday
202209014898,2022-09-01,2022,9,1,3,Thursday
199309161513,1993-09-16,1993,9,16,3,Thursday
202201092682,2022-01-09,2022,1,9,1,Sunday
201009061950,2010-09-06,2010,9,6,3,Monday
202301153393,2023-01-15,2023,1,15,1,Sunday
201309248511,2013-09-24,2013,9,24,3,Tuesday
199509133999,1995-09-13,1995,9,13,3,Wednesday
202310029234,2023-10-02,2023,10,2,4,Monday
201810053516,2018-10-05,2018,10,5,4,Friday
195910153274,1959-10-15,1959,10,15,4,Thursday
195606246422,1956-06-24,1956,6,24,2,Sunday
200610112969,2006-10-11,2006,10,11,4,Wednesday
200007235968,2000-07-23,2000,7,23,3,Sunday
200309038922,2003-09-03,2003,9,3,3,Wednesday
198310307826,1983-10-30,1983,10,30,4,Sunday
196112112351,1961-12-11,1961,12,11,4,Monday
201911016672,2019-11-01,2019,11,1,4,Friday
198709282937,1987-09-28,1987,9,28,3,Monday
201707059521,2017-07-05,2017,7,5,3,Wednesday
202506263240,2025-06-26,2025,6,26,2,Thursday
200405317238,2004-05-31,2004,5,31,2,Monday
201911222393,2019-11-22,2019,11,22,4,Friday
202507309260,2025-07-30,2025,7,30,3,Wednesday
199806065649,1998-06-06,1998,6,6,2,Saturday
196609087651,1966-09-08,1966,9,8,3,Thursday
201404159467,2014-04-15,2014,4,15,2,Tuesday
202307271536,2023-07-27,2023,7,27,3,Thursday
200702152717,2007-02-15,2007,2,15,1,Thursday
200307234278,2003-07-23,2003,7,23,3,Wednesday
200709243865,2007-09-24,2007,9,24,3,Monday
198409209455,1984-09-20,1984,9,20,3,Thursday
199409195615,1994-09-19,1994,9,19,3,Monday
200206022849,2002-06-02,2002,6,2,2,Sunday
200809092106,2008-09-09,2008,9,9,3,Tuesday
200709198409,2007-09-19,2007,9,19,3,Wednesday
201911205860,2019-11-20,2019,11,20,4,Wednesday
202506233210,2025-06-23,2025,6,23,2,Monday
199609131335,1996-09-13,1996,9,13,3,Friday
200010057790,2000-10-05,2000,10,5,4,Thursday
202205051753,2022-05-05,2022,5,5,2,Thursday
202208211328,2022-08-21,2022,8,21,3,Sunday
202202173601,2022-02-17,2022,2,17,1,Thursday
201604231014,2016-04-23,2016,4,23,2,Saturday
201907105492,2019-07-10,2019,7,10,3,Wednesday
202209127733,2022-09-12,2022,9,12,3,Monday
196402044061,1964-02-04,1964,2,4,1,Tuesday
198209309555,1982-09-30,1982,9,30,3,Thursday
201402262386,2014-02-26,2014,2,26,1,Wednesday
197209174510,1972-09-17,1972,9,17,3,Sunday
201209276118,2012-09-27,2012,9,27,3,Thursday
195809247886,1958-09-24,1958,9,24,3,Wednesday
201110054918,2011-10-05,2011,10,5,4,Wednesday
200905193921,2009-05-19,2009,5,19,2,Tuesday
201503121505,2015-03-12,2015,3,12,1,Thursday
201502083758,2015-02-08,2015,2,8,1,Sunday
199010047344,1990-10-04,1990,10,4,4,Thursday
200505305028,2005-05-30,2005,5,30,2,Monday
198509276686,1985-09-27,1985,9,27,3,Friday
201704269676,2017-04-26,2017,4,26,2,Wednesday
201509089203,2015-09-08,2015,9,8,3,Tuesday
195710042339,1957-10-04,1957,10,4,4,Friday
195709145990,1957-09-14,1957,9,14,3,Saturday
201408096924,2014-08-09,2014,8,9,3,Saturday
196110027492,1961-10-02,1961,10,2,4,Monday
200307228450,2003-07-22,2003,7,22,3,Tuesday
197409118789,1974-09-11,1974,9,11,3,Wednesday
196809247189,1968-09-24,1968,9,24,3,Tuesday
202201014364,2022-01-01,2022,1,1,1,Saturday
199710068505,1997-10-06,1997,10,6,4,Monday
201109229718,2011-09-22,2011,9,22,3,Thursday
200501031562,2005-01-03,2005,1,3,1,Monday
202305238109,2023-05-23,2023,5,23,2,Tuesday
202009035540,2020-09-03,2020,9,3,3,Thursday
197804025923,1978-04-02,1978,4,2,2,Sunday
197010154048,1970-10-15,1970,10,15,4,Thursday
200402271419,2004-02-27,2004,2,27,1,Friday
202310221513,2023-10-22,2023,10,22,4,Sunday
200610306150,2006-10-30,2006,10,30,4,Monday
198801315729,1988-01-31,1988,1,31,1,Sunday
198603037944,1986-03-03,1986,3,3,1,Monday
195409125261,1954-09-12,1954,9,12,3,Sunday
202505152244,2025-05-15,2025,5,15,2,Thursday
199903289261,1999-03-28,1999,3,28,1,Sunday
198509298839,1985-09-29,1985,9,29,3,Sunday
201110233245,2011-10-23,2011,10,23,4,Sunday
201701261845,2017-01-26,2017,1,26,1,Thursday
202311083813,2023-11-08,2023,11,8,4,Wednesday
200508045230,2005-08-04,2005,8,4,3,Thursday
199108117366,1991-08-11,1991,8,11,3,Sunday
199811182805,1998-11-18,1998,11,18,4,Wednesday
196909233890,1969-09-23,1969,9,23,3,Tuesday
200103304374,2001-03-30,2001,3,30,1,Friday
198112041742,1981-12-04,1981,12,4,4,Friday
202101278944,2021-01-27,2021,1,27,1,Wednesday
202204019349,2022-04-01,2022,4,1,2,Friday
201310036269,2013-10-03,2013,10,3,4,Thursday
202004153733,2020-04-15,2020,4,15,2,Wednesday
201105011205,2011-05-01,2011,5,1,2,Sunday
202507113845,2025-07-11,2025,7,11,3,Friday
197703153413,1977-03-15,1977,3,15,1,Tuesday
198409168362,1984-09-16,1984,9,16,3,Sunday
201601217768,2016-01-21,2016,1,21,1,Thursday
202111187678,2021-11-18,2021,11,18,4,Thursday
200603241783,2006-03-24,2006,3,24,1,Friday
196209261486,1962-09-26,1962,9,26,3,Wednesday
201007111064,2010-07-11,2010,7,11,3,Sunday
202201242352,2022-01-24,2022,1,24,1,Monday
202008144393,2020-08-14,2020,8,14,3,Friday
201701079792,2017-01-07,2017,1,7,1,Saturday
200203123460,2002-03-12,2002,3,12,1,Tuesday
199809267306,1998-09-26,1998,9,26,3,Saturday
202110219322,2021-10-21,2021,10,21,4,Thursday
200308059820,2003-08-05,2003,8,5,3,Tuesday
197609229258,1976-09-22,1976,9,22,3,Wednesday
196309245469,1963-09-24,1963,9,24,3,Tuesday
195110153397,1951-10-15,1951,10,15,4,Monday
195001305325,1950-01-30,1950,1,30,1,Monday
200204296842,2002-04-29,2002,4,29,2,Monday
196009292037,1960-09-29,1960,9,29,3,Thursday
199501169109,1995-01-16,1995,1,16,1,Monday
202012098277,2020-12-09,2020,12,9,4,Wednesday
202503195101,2025-03-19,2025,3,19,1,Wednesday
200009095019,2000-09-09,2000,9,9,3,Saturday
199207089664,1992-07-08,1992,7,8,3,Wednesday
197201228658,1972-01-22,1972,1,22,1,Saturday
202308313842,2023-08-31,2023,8,31,3,Thursday
201708022373,2017-08-02,2017,8,2,3,Wednesday
195604018452,1956-04-01,1956,4,1,2,Sunday
199004085313,1990-04-08,1990,4,8,2,Sunday
201204055357,2012-04-05,2012,4,5,2,Thursday
200101078781,2001-01-07,2001,1,7,1,Sunday
201409222014,2014-09-22,2014,9,22,3,Monday
198210269112,1982-10-26,1982,10,26,4,Tuesday
198704056236,1987-04-05,1987,4,5,2,Sunday
201709275190,2017-09-27,2017,9,27,3,Wednesday
197302265918,1973-02-26,1973,2,26,1,Monday
200410187923,2004-10-18,2004,10,18,4,Monday
200809071373,2008-09-07,2008,9,7,3,Sunday
196609174785,1966-09-17,1966,9,17,3,Saturday
200309285293,2003-09-28,2003,9,28,3,Sunday
200710145803,2007-10-14,2007,10,14,4,Sunday
201610134929,2016-10-13,2016,10,13,4,Thursday
201011266632,2010-11-26,2010,11,26,4,Friday
198101124398,1981-01-12,1981,1,12,1,Monday
200809204655,2008-09-20,2008,9,20,3,Saturday
200708132319,2007-08-13,2007,8,13,3,Monday
201903154266,2019-03-15,2019,3,15,1,Friday
202507091281,2025-07-09,2025,7,9,3,Wednesday
201003024022,2010-03-02,2010,3,2,1,Tuesday
201006084361,2010-06-08,2010,6,8,2,Tuesday
201304232585,2013-04-23,2013,4,23,2,Tuesday
200502201985,2005-02-20,2005,2,20,1,Sunday
201009262741,2010-09-26,2010,9,26,3,Sunday
199909233152,1999-09-23,1999,9,23,3,Thursday
201510107896,2015-10-10,2015,10,10,4,Saturday
196709107506,1967-09-10,1967,9,10,3,Sunday
198502197913,1985-02-19,1985,2,19,1,Tuesday
199601087047,1996-01-08,1996,1,8,1,Monday
201610303778,2016-10-30,2016,10,30,4,Sunday
200407182592,2004-07-18,2004,7,18,3,Sunday
196401015346,1964-01-01,1964,1,1,1,Wednesday
202502275979,2025-02-27,2025,2,27,1,Thursday
201011082053,2010-11-08,2010,11,8,4,Monday
199910207005,1999-10-20,1999,10,20,4,Wednesday
200801243176,2008-01-24,2008,1,24,1,Thursday
202101118616,2021-01-11,2021,1,11,1,Monday
201709249386,2017-09-24,2017,9,24,3,Sunday
198609154120,1986-09-15,1986,9,15,3,Monday
200501234442,2005-01-23,2005,1,23,1,Sunday
200209162391,2002-09-16,2002,9,16,3,Monday
201706057178,2017-06-05,2017,6,5,2,Monday
199609177290,1996-09-17,1996,9,17,3,Tuesday
200707197617,2007-07-19,2007,7,19,3,Thursday
199310296441,1993-10-29,1993,10,29,4,Friday
196012096575,1960-12-09,1960,12,9,4,Friday
199705258450,1997-05-25,1997,5,25,2,Sunday
200110029717,2001-10-02,2001,10,2,4,Tuesday
200005316218,2000-05-31,2000,5,31,2,Wednesday
199801206291,1998-01-20,1998,1,20,1,Tuesday
200709088747,2007-09-08,2007,9,8,3,Saturday
196309205928,1963-09-20,1963,9,20,3,Friday
202012109322,2020-12-10,2020,12,10,4,Thursday
195112167305,1951-12-16,1951,12,16,4,Sunday
201601176570,2016-01-17,2016,1,17,1,Sunday
202309213557,2023-09-21,2023,9,21,3,Thursday
196509177264,1965-09-17,1965,9,17,3,Friday
201007122158,2010-07-12,2010,7,12,3,Monday
199809212883,1998-09-21,1998,9,21,3,Monday
201306037228,2013-06-03,2013,6,3,2,Monday
201810015944,2018-10-01,2018,10,1,4,Monday
198906108165,1989-06-10,1989,6,10,2,Saturday
195709188531,1957-09-18,1957,9,18,3,Wednesday
198709228205,1987-09-22,1987,9,22,3,Tuesday
198404246029,1984-04-24,1984,4,24,2,Tuesday
200907031759,2009-07-03,2009,7,3,3,Friday
202206234058,2022-06-23,2022,6,23,2,Thursday
202506182518,2025-06-18,2025,6,18,2,Wednesday
196210028445,1962-10-02,1962,10,2,4,Tuesday
202102248112,2021-02-24,2021,2,24,1,Wednesday
199909196495,1999-09-19,1999,9,19,3,Sunday
200607185070,2006-07-18,2006,7,18,3,Tuesday
199109177028,1991-09-17,1991,9,17,3,Tuesday
200909173379,2009-09-17,2009,9,17,3,Thursday
200810033774,2008-10-03,2008,10,3,4,Friday
200106185497,2001-06-18,2001,6,18,2,Monday
200910231132,2009-10-23,2009,10,23,4,Friday
197401188145,1974-01-18,1974,1,18,1,Friday
202506244780,2025-06-24,2025,6,24,2,Tuesday
196209201364,1962-09-20,1962,9,20,3,Thursday
201503177998,2015-03-17,2015,3,17,1,Tuesday
198709187905,1987-09-18,1987,9,18,3,Friday
201504103660,2015-04-10,2015,4,10,2,Friday
196809201884,1968-09-20,1968,9,20,3,Friday
202307232727,2023-07-23,2023,7,23,3,Sunday
200109248785,2001-09-24,2001,9,24,3,Monday
196709165321,1967-09-16,1967,9,16,3,Saturday
201604041414,2016-04-04,2016,4,4,2,Monday
201301112149,2013-01-11,2013,1,11,1,Friday
195910075004,1959-10-07,1959,10,7,4,Wednesday
201109204502,2011-09-20,2011,9,20,3,Tuesday
200608145393,2006-08-14,2006,8,14,3,Monday
201007256987,2010-07-25,2010,7,25,3,Sunday
202309293998,2023-09-29,2023,9,29,3,Friday
198209267030,1982-09-26,1982,9,26,3,Sunday
201204146283,2012-04-14,2012,4,14,2,Saturday
201809246085,2018-09-24,2018,9,24,3,Monday
202304142147,2023-04-14,2023,4,14,2,Friday
201508246325,2015-08-24,2015,8,24,3,Monday
198709292834,1987-09-29,1987,9,29,3,Tuesday
199808239683,1998-08-23,1998,8,23,3,Sunday
201509283761,2015-09-28,2015,9,28,3,Monday
202210092260,2022-10-09,2022,10,9,4,Sunday
202404108891,2024-04-10,2024,4,10,2,Wednesday
201010102516,2010-10-10,2010,10,10,4,Sunday
196510195452,1965-10-19,1965,10,19,4,Tuesday
200109259275,2001-09-25,2001,9,25,3,Tuesday
195108035471,1951-08-03,1951,8,3,3,Friday
197409139259,1974-09-13,1974,9,13,3,Friday
200206117861,2002-06-11,2002,6,11,2,Tuesday
201404275100,2014-04-27,2014,4,27,2,Sunday
199603025624,1996-03-02,1996,3,2,1,Saturday
198210103537,1982-10-10,1982,10,10,4,Sunday
199209239596,1992-09-23,1992,9,23,3,Wednesday
202201272001,2022-01-27,2022,1,27,1,Thursday
201205287992,2012-05-28,2012,5,28,2,Monday
197209149401,1972-09-14,1972,9,14,3,Thursday
198306065425,1983-06-06,1983,6,6,2,Monday
199707124077,1997-07-12,1997,7,12,3,Saturday
196311232337,1963-11-23,1963,11,23,4,Saturday
198301234394,1983-01-23,1983,1,23,1,Sunday
200206072010,2002-06-07,2002,6,7,2,Friday
200508077553,2005-08-07,2005,8,7,3,Sunday
201307111808,2013-07-11,2013,7,11,3,Thursday
197908241873,1979-08-24,1979,8,24,3,Friday
202507077319,2025-07-07,2025,7,7,3,Monday
200709268220,2007-09-26,2007,9,26,3,Wednesday
199409183826,1994-09-18,1994,9,18,3,Sunday
201501155868,2015-01-15,2015,1,15,1,Thursday
196409244553,1964-09-24,1964,9,24,3,Thursday
197110247357,1971-10-24,1971,10,24,4,Sunday
196909244353,1969-09-24,1969,9,24,3,Wednesday
201912208950,2019-12-20,2019,12,20,4,Friday
201508236876,2015-08-23,2015,8,23,3,Sunday
202012251052,2020-12-25,2020,12,25,4,Friday
201109199133,2011-09-19,2011,9,19,3,Monday
198211028817,1982-11-02,1982,11,2,4,Tuesday
201409258881,2014-09-25,2014,9,25,3,Thursday
199403057641,1994-03-05,1994,3,5,1,Saturday
198903112873,1989-03-11,1989,3,11,1,Saturday
200609242880,2006-09-24,2006,9,24,3,Sunday
201702199162,2017-02-19,2017,2,19,1,Sunday
201408221393,2014-08-22,2014,8,22,3,Friday
202204095529,2022-04-09,2022,4,9,2,Saturday
199903074996,1999-03-07,1999,3,7,1,Sunday
199604286956,1996-04-28,1996,4,28,2,Sunday
200106036324,2001-06-03,2001,6,3,2,Sunday
202404075365,2024-04-07,2024,4,7,2,Sunday
201508284389,2015-08-28,2015,8,28,3,Friday
202503258960,2025-03-25,2025,3,25,1,Tuesday
197512164834,1975-12-16,1975,12,16,4,Tuesday
196009302054,1960-09-30,1960,9,30,3,Friday
201611174969,2016-11-17,2016,11,17,4,Thursday
197910299961,1979-10-29,1979,10,29,4,Monday
199301034388,1993-01-03,1993,1,3,1,Sunday
202003121768,2020-03-12,2020,3,12,1,Thursday
202110081038,2021-10-08,2021,10,8,4,Friday
200412014685,2004-12-01,2004,12,1,4,Wednesday
202109284987,2021-09-28,2021,9,28,3,Tuesday
202207071968,2022-07-07,2022,7,7,3,Thursday
202309182053,2023-09-18,2023,9,18,3,Monday
198903266220,1989-03-26,1989,3,26,1,Sunday
199301311303,1993-01-31,1993,1,31,1,Sunday
200004041859,2000-04-04,2000,4,4,2,Tuesday
201303222480,2013-03-22,2013,3,22,1,Friday
202203244966,2022-03-24,2022,3,24,1,Thursday
201609202530,2016-09-20,2016,9,20,3,Tuesday
199503226891,1995-03-22,1995,3,22,1,Wednesday
200401017468,2004-01-01,2004,1,1,1,Thursday
200007056407,2000-07-05,2000,7,5,3,Wednesday
200402243801,2004-02-24,2004,2,24,1,Tuesday
200201215333,2002-01-21,2002,1,21,1,Monday
201409246116,2014-09-24,2014,9,24,3,Wednesday
201004043347,2010-04-04,2010,4,4,2,Sunday
200506015352,2005-06-01,2005,6,1,2,Wednesday
200509203087,2005-09-20,2005,9,20,3,Tuesday
201712019580,2017-12-01,2017,12,1,4,Friday
201609235085,2016-09-23,2016,9,23,3,Friday
201304043657,2013-04-04,2013,4,4,2,Thursday
201610029416,2016-10-02,2016,10,2,4,Sunday
195901098826,1959-01-09,1959,1,9,1,Friday
196609123426,1966-09-12,1966,9,12,3,Monday
201306307313,2013-06-30,2013,6,30,2,Sunday
202507025597,2025-07-02,2025,7,2,3,Wednesday
197201146399,1972-01-14,1972,1,14,1,Friday
200407152548,2004-07-15,2004,7,15,3,Thursday
202209213757,2022-09-21,2022,9,21,3,Wednesday
202409171687,2024-09-17,2024,9,17,3,Tuesday
201310249411,2013-10-24,2013,10,24,4,Thursday
199603297226,1996-03-29,1996,3,29,1,Friday
196709117769,1967-09-11,1967,9,11,3,Monday
198012112260,1980-12-11,1980,12,11,4,Thursday
199209195204,1992-09-19,1992,9,19,3,Saturday
198410069084,1984-10-06,1984,10,6,4,Saturday
201703161229,2017-03-16,2017,3,16,1,Thursday
202007114705,2020-07-11,2020,7,11,3,Saturday
200302213108,2003-02-21,2003,2,21,1,Friday
202104237667,2021-04-23,2021,4,23,2,Friday
201309167931,2013-09-16,2013,9,16,3,Monday
201201115000,2012-01-11,2012,1,11,1,Wednesday
201810049731,2018-10-04,2018,10,4,4,Thursday
198609065920,1986-09-06,1986,9,6,3,Saturday
201210066433,2012-10-06,2012,10,6,4,Saturday
201409216860,2014-09-21,2014,9,21,3,Sunday
200907071269,2009-07-07,2009,7,7,3,Tuesday
199007128693,1990-07-12,1990,7,12,3,Thursday
202206055585,2022-06-05,2022,6,5,2,Sunday
202101037352,2021-01-03,2021,1,3,1,Sunday
199809011892,1998-09-01,1998,9,1,3,Tuesday
198902285238,1989-02-28,1989,2,28,1,Tuesday
195109301893,1951-09-30,1951,9,30,3,Sunday
201512148551,2015-12-14,2015,12,14,4,Monday
200303171706,2003-03-17,2003,3,17,1,Monday
202111071601,2021-11-07,2021,11,7,4,Sunday
197904027435,1979-04-02,1979,4,2,2,Monday
199901081212,1999-01-08,1999,1,8,1,Friday
201311049354,2013-11-04,2013,11,4,4,Monday
201804023620,2018-04-02,2018,4,2,2,Monday
202409116801,2024-09-11,2024,9,11,3,Wednesday
202409195299,2024-09-19,2024,9,19,3,Thursday
196409265654,1964-09-26,1964,9,26,3,Saturday
198509145947,1985-09-14,1985,9,14,3,Saturday
