title_id,date_key,popularity,vote_average,vote_count,revenue,rank
755898,202507292081,1604.146,4.2,293,0.0,1
1234821,202507013444,1090.5346,6.387,1471,800368830.0,2
1195631,202501171464,489.6871,6.283,90,264637.0,3
1106289,202507274274,470.86,6.557,210,0.0,4
1185528,202501298160,394.1819,6.176,34,81550000.0,5
1087192,202506062818,344.4482,8.028,1576,623654280.0,7
1311031,202507187404,316.7052,7.1,68,148000000.0,8
1285247,202407056022,284.5281,5.647,17,0.0,10
1078605,202508048704,266.8042,7.705,278,81252085.0,11
1319895,202508085816,255.7139,7.8,4,0.0,12
1241470,202507259342,216.3564,6.384,43,0.0,14
1071585,202506251254,213.3122,7.595,678,39060903.0,15
552524,202505178453,209.9974,7.325,1317,1028343897.0,16
1307078,202507316713,198.7633,7.224,241,0.0,17
1100988,202506184096,193.6458,6.862,1081,150367300.0,18
617126,202507234487,179.9171,7.263,958,435341493.0,19
1061474,202507099005,178.3111,7.7,1669,581086143.0,20
1225572,202503209327,177.7969,5.366,56,393011.0,21
1011477,202505083210,173.0583,7.152,648,105456077.0,22
1119878,202506271972,151.1246,6.889,166,0.0,23
803796,202506209154,149.7033,8.42,988,0.0,24
541671,202506043900,142.7834,7.435,1314,131794570.0,25
1339166,202507169445,129.6923,5.346,13,0.0,27
715253,202301188124,125.0356,6.914,58,0.0,28
1452176,202507112726,123.4502,5.2,9,0.0,29
1124619,202506191170,119.3428,5.7,72,0.0,30
1181540,202505159671,119.1831,6.933,67,198534.0,31
574475,202505142053,113.389,7.167,1921,285330814.0,32
7451,200208096439,104.4135,5.957,4507,277448382.0,33
812455,202101161309,98.2325,8.5,2,0.0,34
986056,202504307730,97.3721,7.399,2185,382436917.0,35
1315986,202501138245,92.0476,6.556,45,0.0,36
1374534,202507104374,91.6553,5.88,125,0.0,37
1125257,202508062202,91.4945,6.904,68,46510407.0,38
13499,200511234277,88.7129,6.177,853,72028752.0,40
1353328,202504046418,85.3153,5.778,9,0.0,42
1280461,202405105762,84.3373,5.3,6,0.0,43
1175942,202507245143,81.5908,7.6,56,85704285.0,44
1365103,202410285726,80.9241,7.0,9,0.0,45
1135829,202306036130,79.2538,6.0,2,0.0,47
1040229,202308165715,74.7786,5.714,84,0.0,48
615453,201907261307,73.3713,7.91,598,742718496.0,49
1151031,202505287592,71.3346,7.436,519,22925747.0,50
1403735,202502149991,70.8944,5.8,5,0.0,51
1236471,202502215012,70.4177,5.625,12,0.0,52
715287,202005297886,67.8483,7.148,27,0.0,53
1136867,202506127246,65.4254,6.669,319,52114763.0,54
950387,202503311321,64.0998,6.4,2196,955149195.0,55
1242011,202507288727,63.6055,7.379,140,18484675.0,56
1152798,202402076442,63.5193,5.0,3,0.0,57
749170,202506246576,62.1836,6.947,658,0.0,58
611251,197702231219,61.1812,8.0,4,0.0,59
259872,200910106189,60.7041,5.976,106,0.0,61
390635,202008159401,57.9844,7.754,185,20150000.0,62
1278950,202504187664,56.2931,5.831,136,3195869.0,63
1035259,202507306369,55.9138,7.0,161,57269872.0,64
1058537,202407093554,55.7558,5.968,47,0.0,65
1326106,202503283760,53.7128,7.8,46,0.0,66
1197306,202503265260,53.4102,6.714,1441,99068160.0,67
1285965,202506057259,52.1878,6.503,147,4569549.0,68
1087891,202504095025,51.5323,6.99,1050,95956038.0,69
1241982,202411214839,51.3866,7.05,2631,1059242164.0,70
846817,202409072925,50.6601,10.0,3,0.0,71
936108,202507057652,47.0877,5.6,68,99781110.0,73
1189735,202504251096,46.904,7.2,15,0.0,74
1010581,202306081524,46.7193,7.788,3767,0.0,75
1233413,202504164370,46.6057,7.548,2299,365878513.0,76
870028,202504232767,44.8815,7.167,1227,102123366.0,77
939243,202412198483,43.7592,7.674,2860,492162604.0,78
1513598,202508072075,42.9373,7.429,14,0.0,79
1287536,202507022944,42.1377,6.8,79,0.0,80
1232827,202409061026,41.8721,7.6,248,470300.0,81
947478,202410048291,41.2979,7.2,9,1106908.0,83
157336,201411054216,40.9369,8.459,37625,746606706.0,84
278,199409231676,39.7681,8.712,28689,28341469.0,85
1022789,202406118512,39.617,7.553,6047,1698863816.0,86
519182,202406202571,38.2823,7.0,2877,969597394.0,88
950396,202502139848,37.9914,7.7,2904,0.0,89
822119,202502127920,37.9723,6.034,2493,415101577.0,90
533535,202407246022,37.2972,7.585,7581,1338073645.0,94
1470086,202505096812,36.8291,7.5,2,0.0,95
1100998,202411011900,36.7391,6.0,5,0.0,96
605722,202407127949,36.1645,6.478,186,0.0,98
912044,202410248382,34.6804,7.5,2,0.0,100
671,200111167763,33.9053,7.902,28473,976475550.0,101
460229,201708087328,33.78,5.4,62,0.0,102
10330,200308052162,33.7134,6.543,3978,160846332.0,103
1311844,202406281425,33.5566,6.045,66,0.0,104
1476292,202506139017,33.4252,6.6,5,0.0,106
829557,202204262582,33.0326,5.922,1756,0.0,107
1245934,202402132518,32.917,7.375,8,0.0,108
1040159,202210241936,32.2653,6.2,9,0.0,110
993234,202211033015,32.0954,6.136,22,0.0,111
762509,202412187111,31.7214,7.364,2305,722631756.0,112
447273,202503127165,31.686,4.294,1331,205067778.0,113
1211373,201812118196,31.3227,6.0,1,0.0,115
1268870,202404115615,31.2227,7.0,2,0.0,116
24428,201204255013,30.986,7.787,32656,1518815515.0,117
629542,202203178320,30.7587,7.5,2239,250162278.0,118
170,200210317149,30.435,7.237,7685,85032676.0,119
299536,201804256322,30.0451,8.236,30812,2052415039.0,120
1284120,202503076846,29.9679,7.232,302,884602.0,121
1156593,202412261967,29.9231,7.139,1321,0.0,122
80295,197308168916,29.4823,5.533,46,0.0,123
1442776,202403276113,29.4765,6.4,27,0.0,124
9738,200506292069,29.3637,5.797,9613,333535934.0,125
82023,201112077472,29.27,6.173,127,0.0,126
912649,202410225202,29.2193,6.713,3635,478937618.0,127
666154,202501026099,29.1786,7.595,95,0.0,128
507086,202206019595,29.0327,6.64,6583,1004004592.0,129
634649,202112154627,28.9623,7.943,20983,1921847111.0,130
9614,199602168947,28.8152,6.7,3021,41422354.0,131
226674,197901242312,28.2557,5.0,10,0.0,133
1358013,202504116009,28.1767,5.431,29,0.0,134
238,197203141746,27.138,8.687,21710,245066411.0,138
138843,201307184791,27.1135,7.5,12002,320415166.0,139
27205,201007156347,27.077,8.369,37781,839030630.0,140
757725,202505011682,26.9954,6.134,149,5.0,141
1084199,202501226316,26.8983,7.1,1571,36709101.0,142
597,199711184122,26.2535,7.905,26223,2264162353.0,144
385687,202305175508,25.7786,7.034,5987,704709660.0,147
1234720,202303168125,25.7686,9.5,2,0.0,148
1252309,202411299784,25.699,6.226,234,2265661.0,149
120,200112189551,25.4387,8.424,26247,871368364.0,150
19995,200912154425,25.289,7.592,32481,2923706026.0,151
1184918,202409126236,25.2408,8.3,5241,331982078.0,152
539972,202412111769,25.0501,6.526,1924,62076533.0,153
1269208,202507175041,25.0374,6.217,137,0.0,154
856289,202307153969,24.8853,7.092,428,369081777.0,155
155,200807167220,24.7272,8.522,34207,1004558444.0,156
1153714,202503278546,24.6823,6.533,451,16413285.0,157
1413643,202501104260,24.6252,6.6,10,0.0,158
76600,202212147971,24.2688,7.613,12752,2320250281.0,162
945961,202408133550,24.2212,7.187,3859,350865342.0,163
968171,197311209615,23.8546,6.056,9,0.0,164
1017163,202404249904,23.559,7.041,181,83703350.0,166
1011985,202403029210,23.4655,7.1,3168,548040835.0,167
216015,201502118662,23.4091,5.9,12065,569651467.0,168
411,200512075361,23.3768,7.133,11016,745013115.0,170
315635,201707059339,23.2587,7.3,22383,880166924.0,172
198663,201409102353,22.9024,7.192,17475,348319861.0,175
1084153,202504172931,22.7275,6.0,26,876150.0,178
823219,202408293640,22.6818,8.2,2197,17660107.0,179
1357459,202410112981,22.6339,6.0,13,0.0,180
135397,201506067477,22.5854,6.699,20911,1671537444.0,181
324544,202502272338,22.4273,6.459,579,4755330.0,183
10138,201004282594,22.2783,6.848,21619,623933331.0,185
16,200009011778,22.2456,7.9,1881,40061153.0,186
672,200211131483,22.1333,7.706,22721,876688482.0,187
269149,201602117211,22.0785,7.75,16849,1025521689.0,188
361743,202205218388,21.9598,8.169,10080,1488732821.0,191
1181039,202309226370,21.9107,6.867,30,0.0,192
674,200511162537,21.7448,7.801,21344,895921036.0,193
558449,202411134323,21.7104,6.676,3740,462180717.0,194
1315988,202501317888,21.6539,6.2,61,0.0,195
22,200307099220,21.5807,7.812,21335,655011224.0,197
122,200312178111,21.5629,8.488,25334,1118888979.0,198
673,200405314307,21.3783,8.011,22297,789804554.0,199
1064213,202410146685,21.3067,7.0,2497,56286295.0,200
1090007,202408301862,21.2415,5.5,32,0.0,201
808,200105182170,21.2091,7.753,17876,488628188.0,202
1007734,202508136173,21.1921,8.3,6,0.0,203
569094,202305312919,21.1503,8.345,7778,690897910.0,204
351286,201806063511,21.0198,6.5,12246,1310469037.0,206
414906,202203014962,20.8366,7.657,11119,772319315.0,208
675,200707088197,20.7548,7.674,20055,938212738.0,209
1257586,202405303229,20.7522,5.9,52,0.0,210
557,200205013576,20.7052,7.314,19774,821708551.0,211
1018852,202508014483,20.5606,0.0,0,0.0,212
1979,200706131575,20.4797,5.617,8079,301913131.0,213
12445,201107125105,20.4748,8.085,21192,1341511219.0,214
592695,202110087338,20.2838,6.313,703,393824.0,217
296096,201606013203,20.2619,7.93,12776,207945075.0,218
166424,201508051774,20.2298,4.428,6185,167977596.0,219
675308,202004297065,20.1915,6.354,24,0.0,222
845781,202410314052,20.1597,7.051,2618,185700759.0,223
436969,202106064355,20.1231,7.485,9025,168717425.0,224
13,199406235298,20.0824,8.467,28504,677387716.0,225
19173,200810179622,19.9878,5.6,339,0.0,226
693134,202402278730,19.9488,8.139,6919,714444358.0,227
1379587,202412098893,19.8786,5.7,47,0.0,229
537915,201904115511,19.8626,7.118,8379,69497587.0,230
10191,201003182736,19.8483,7.851,13683,495141736.0,231
297762,201705302451,19.7567,7.215,20367,823970682.0,232
603692,202303221904,19.6757,7.722,7278,440157245.0,233
8966,200811206800,19.602,6.286,13900,393616788.0,235
707610,202005061115,19.4942,6.25,12,0.0,236
359410,202403086495,19.4042,6.951,2613,0.0,237
1140142,195406304700,19.3744,10.0,1,0.0,238
9806,200410273637,19.3502,7.714,18168,631442092.0,239
106646,201312259647,19.3452,8.028,24865,407038432.0,240
1145358,202307079801,19.3267,5.7,11,0.0,241
429617,201906282562,19.3231,7.4,16235,1131927996.0,242
810658,202402147934,19.2568,6.346,13,0.0,243
14836,200902059539,19.2144,7.897,8493,185860104.0,244
209112,201603231973,19.0872,5.983,18425,874362803.0,245
872585,202307193936,19.0135,8.053,10557,952000000.0,247
807,199509225674,18.922,8.375,21960,327311859.0,248
12444,201011174360,18.8703,7.74,19652,954305868.0,249
38365,201006241098,18.8699,6.401,6371,271430189.0,250
173705,198204098032,18.8518,6.4,35,0.0,251
82702,201406054850,18.8493,7.676,9987,621537519.0,252
550,199910153517,18.813,8.437,30590,100853753.0,253
502356,202304051592,18.8004,7.615,9878,1362000000.0,254
1289601,202406074829,18.5854,7.151,53,0.0,256
910838,202110285021,18.5799,6.667,3,0.0,257
1240475,202407187681,18.5299,6.75,8,0.0,259
680,199409101964,18.5189,8.487,28957,213928762.0,260
603,199903311931,18.4541,8.23,26652,463517383.0,261
862,199511224983,18.4235,7.97,19022,394436586.0,262
1233069,202504297793,18.3679,6.676,532,0.0,263
637649,202104221077,18.2911,7.602,5679,103966489.0,264
1094473,202410162263,18.2881,5.9,33,1458536.0,265
843527,202405027693,18.2376,7.358,1741,36178.0,266
402431,202411201727,18.2221,6.926,2334,756085570.0,267
1241752,202403222462,18.1528,6.706,17,0.0,269
767,200907153276,18.1043,7.683,20031,933959197.0,271
173185,201303064770,18.0956,6.45,1502,0.0,272
694943,202004109195,18.0102,6.6,10,0.0,273
122917,201412104439,17.9682,7.326,14737,956019788.0,274
639720,202405089808,17.9462,7.037,1404,190309707.0,275
423108,202105255703,17.9249,7.402,6117,206431050.0,276
354912,201710278429,17.8499,8.203,20130,814641172.0,277
1726,200804303537,17.8487,7.653,27189,585174222.0,278
348,197905257163,17.8461,8.164,15485,104931801.0,279
99861,201504226729,17.8212,7.271,23620,1405403694.0,280
969778,202206028385,17.7426,10.0,2,0.0,281
999147,202310113422,17.7189,6.8,7,0.0,282
536554,202212285229,17.7129,7.062,4417,181796517.0,283
370663,201702105328,17.6944,6.8,1242,33673.0,284
1329336,202410025394,17.6896,6.989,133,0.0,285
1029575,202312142020,17.6822,7.273,1588,0.0,286
585,200111014580,17.6797,7.845,19025,579700000.0,287
129,200107207094,17.6154,8.535,17361,274925095.0,288
16869,200908028522,17.6025,8.214,23091,321457747.0,289
1562,200704268713,17.5206,6.604,4963,65048725.0,291
1034541,202410096807,17.5178,6.833,1679,90322103.0,292
1414272,202502074302,17.4787,7.5,11,0.0,293
438631,202109159533,17.4475,7.781,13790,407573628.0,294
994682,198402172161,17.4348,6.0,2,0.0,295
496243,201905308262,17.3843,8.498,19348,257591776.0,297
635302,202010163145,17.3833,8.209,4151,523542183.0,298
453395,202205041250,17.3783,7.3,9687,955775804.0,299
39254,201109286487,17.355,7.055,8675,299300000.0,300
8587,199406151838,17.3029,8.257,18926,763455561.0,301
791373,202103184406,17.2542,8.1,10337,0.0,303
58,200607063610,17.2369,7.368,16503,1066179747.0,304
259693,201606085700,17.2352,7.291,8681,322811702.0,305
337167,201801172673,17.192,6.69,8166,371985018.0,306
573435,202406054689,17.1899,7.371,2997,404547819.0,307
575264,202307085728,17.1503,7.523,4495,571125435.0,308
559,200705019446,17.0292,6.441,14587,894983373.0,309
41264,196602113995,17.0275,6.4,44,2000000.0,310
299534,201904248587,17.0234,8.239,26597,2799439100.0,311
166428,201901037192,17.0154,7.749,6753,539987993.0,312
863,199910306823,17.0081,7.602,14288,497375381.0,313
1357633,202411267420,16.9359,6.994,231,6331827.0,314
1930,201206239152,16.9325,6.719,17848,757930663.0,315
1056108,202308182172,16.8781,7.0,1,0.0,316
324857,201812061268,16.7974,8.398,16331,393602435.0,318
11,197705255663,16.7872,8.205,21381,775398007.0,319
2105,199907098158,16.7045,6.595,7918,235483004.0,320
1020910,202305186533,16.6972,6.22,268,0.0,321
1059073,202412275136,16.6877,7.348,155,0.0,322
346698,202306183530,16.6773,6.967,10170,1445638421.0,324
121,200212183578,16.6341,8.408,22807,926287400.0,325
293660,201602093948,16.5613,7.622,31810,782837347.0,327
68721,201304188675,16.5312,6.9,22719,1215577205.0,328
49026,201207179319,16.5047,7.787,23422,1081041287.0,329
667538,202306069115,16.5,7.219,4986,441381193.0,330
283995,201704198837,16.4966,7.612,22164,863756051.0,331
22705,200001287592,16.4891,5.7,269,0.0,332
866398,202401086231,16.4668,7.296,3705,152720535.0,333
1359977,202410014410,16.4243,5.5,35,0.0,334
1357933,202410068222,16.2683,7.4,12,0.0,335
177572,201410243495,16.2514,7.727,16023,657870525.0,336
285,200705196719,16.2489,7.262,14842,961691209.0,337
98,200005047674,16.2347,8.221,19934,465516248.0,338
426063,202412252610,16.2341,6.7,2924,181764515.0,339
228150,201410152099,16.191,7.5,12420,211817906.0,340
3933,200509129803,16.1705,7.582,9642,118133252.0,341
18785,200906029878,16.1676,7.325,17396,469310836.0,342
1145645,202308115916,16.1072,3.0,4,0.0,343
109445,201311202977,16.0842,7.2,16997,1274219009.0,344
146233,201309195477,16.0204,8.098,12342,122126687.0,345
156022,201409245053,16.0177,7.279,9435,192330738.0,346
324552,201702084274,16.0067,7.337,13597,171539887.0,347
1232933,202505027372,15.9867,6.6,97,311205.0,348
396535,201607209201,15.9231,7.753,7903,87547518.0,349
37136,198812028872,15.8109,7.3,4010,152356177.0,351
387824,201508206006,15.7912,7.0,24,0.0,353
897160,202310258516,15.7803,7.309,76,2116112.0,354
466272,201907241895,15.6726,7.426,14063,392105159.0,355
49521,201306124066,15.6559,6.635,15578,668045518.0,356
1865,201105153166,15.6144,6.561,14422,1046721266.0,357
447365,202305038987,15.6053,7.934,7550,845550000.0,358
298618,202306136348,15.5163,6.643,4640,271333313.0,359
260513,201806144079,15.4715,7.453,13189,1243225667.0,361
1490320,202507261844,15.4714,8.5,2,0.0,362
231164,201309218039,15.4457,5.87,27,0.0,363
1135869,202305131133,15.4263,10.0,2,0.0,364
497,199912104706,15.3322,8.503,18275,286801374.0,365
829560,202208189952,15.3174,6.386,1240,0.0,366
809,200405193617,15.299,7.3,12823,935454538.0,367
389,195704101319,15.2242,8.549,9309,4360000.0,368
957119,202502068934,15.2239,6.0,83,0.0,369
626735,202202174482,15.197,7.303,1636,84774243.0,370
210577,201410012547,15.1692,7.89,19177,370890259.0,371
168259,201504017036,15.1072,7.2,10896,1515400000.0,372
150540,201506173316,15.0901,7.911,22678,857611174.0,373
272,200506102798,15.0255,7.7,21677,374218673.0,375
240,197412203487,15.019,8.572,13106,102600000.0,376
1264854,202404168160,15.0122,6.0,3,0.0,377
38757,201011241417,14.992,7.611,11858,592461732.0,378
1072790,202312216257,14.9277,6.837,2685,214891370.0,379
315162,202212075095,14.9167,8.215,8334,484700000.0,380
811941,202409261657,14.9035,7.0,197,54216867.0,381
2062,200706289293,14.8935,7.83,17689,623726000.0,382
696506,202502288831,14.8293,6.877,2516,131847147.0,384
269955,201405147877,14.8171,6.7,74,0.0,385
458156,201905155963,14.8136,7.444,11133,326709727.0,386
1147416,202411148146,14.7849,7.4,277,0.0,388
748783,202404304941,14.7685,7.049,1309,254907482.0,389
1137350,202505236337,14.7343,6.754,464,38382371.0,390
350,200606298119,14.6822,7.395,12442,326706115.0,392
111,198312091050,14.6323,8.16,12356,66023329.0,393
271110,201604275562,14.6257,7.447,23307,1155046416.0,394
335984,201710041418,14.6118,7.584,14298,259239658.0,395
578,197506205026,14.6053,7.672,10909,470653000.0,396
799583,202404182005,14.5961,7.07,1546,29768915.0,397
150689,201503069458,14.5661,6.826,7198,543514353.0,398
439079,201809059548,14.5334,5.901,6862,366082797.0,400
744,198605164223,14.494,7.061,9031,356830601.0,401
84706,200410283945,14.4241,3.9,11,0.0,402
102382,201404168165,14.3979,6.521,13666,708962323.0,403
2907,199111222943,14.2538,7.062,4768,191502426.0,405
9532,200003178553,14.2461,6.627,6237,112880294.0,406
1055110,202110035982,14.2233,5.6,19,0.0,407
505642,202211094643,14.2203,7.044,6961,859102154.0,408
105,198507038484,14.1872,8.322,20768,381109762.0,409
976573,202306148938,14.1004,7.609,4901,496444308.0,410
329,199306115656,14.0861,7.96,17006,920100000.0,411
475557,201910019558,14.0696,8.133,26668,1078958629.0,413
1212855,202504039306,14.05,6.1,177,2482071.0,415
11324,201002146677,14.0398,8.201,24745,294804195.0,416
801335,202102271925,14.0148,7.615,773,0.0,417
1317276,202409206005,13.9819,7.4,7,0.0,418
12,200305303427,13.9726,7.817,19830,940335536.0,419
1438208,202503134142,13.9273,10.0,1,0.0,420
244786,201410103237,13.903,8.377,15823,50307484.0,421
118,200507135813,13.8429,7.042,15576,475000000.0,422
38575,201006109064,13.8351,6.561,6275,359126022.0,423
718930,202208033605,13.8117,7.432,6821,239300000.0,424
615656,202308025127,13.7959,6.422,3667,384056482.0,425
868759,202304181032,13.7744,6.943,1984,0.0,426
425,200203146645,13.7088,7.4,13733,383257136.0,427
76341,201505137372,13.6859,7.626,23265,378858340.0,428
424,199312154785,13.6683,8.565,16621,321365567.0,429
928334,202201182419,13.6311,5.571,7,0.0,431
233651,197112299246,13.617,5.1,11,0.0,433
10198,200912086103,13.5966,7.217,5853,270997378.0,434
202804,200709069562,13.5814,6.0,1,7256.0,435
11544,200206219273,13.5648,7.56,6751,273144151.0,436
280,199107032060,13.5573,8.129,13482,520000000.0,437
218,198410267787,13.5188,7.669,13772,78371200.0,438
1813,199710172409,13.5158,7.467,6338,153000000.0,439
14160,200905289117,13.4707,7.958,20856,735103954.0,440
1064486,202410176748,13.392,8.055,613,7.0,443
954,199605225865,13.391,7.006,9446,457696391.0,444
11036,200405253391,13.363,7.89,12013,115600000.0,445
769,199009129774,13.3544,8.455,13539,46800000.0,446
1270305,202405093004,13.3541,0.0,0,0.0,447
698687,202409115009,13.3521,8.051,1350,128888103.0,448
12153,200406232719,13.3207,6.934,4226,113100000.0,449
508947,202203104387,13.2947,7.342,5489,0.0,450
1128650,202412082695,13.2594,7.38,83,128093757.0,451
786892,202405226486,13.2423,7.475,4314,174287546.0,452
585083,202201317418,13.2313,7.06,2895,18500000.0,453
1356236,202409242560,13.1996,6.47,67,0.0,454
8681,200802187676,13.1569,7.398,11597,226830568.0,455
1275003,202411079018,13.1169,4.5,13,0.0,456
72190,201306195910,13.0496,6.822,15848,531865000.0,457
330457,201911204616,13.046,7.247,9986,1453683476.0,458
913290,202209089325,13.039,6.833,2778,45400000.0,459
10020,199110223953,13.0311,7.73,10255,424967620.0,460
49051,201212121991,12.9702,7.36,18922,1021103568.0,462
106,198706125393,12.9678,7.536,8486,98267558.0,463
109418,201307113935,12.9067,6.146,4480,247022278.0,465
474350,201909045763,12.9006,6.834,9016,473123154.0,466
207,198906027444,12.893,8.3,11810,235900000.0,467
22881,200911205543,12.8882,7.673,6555,309231694.0,468
2758,199311195632,12.8799,6.968,3134,48919043.0,469
489,199712054217,12.8469,8.158,12983,225900000.0,470
10192,201005209113,12.7839,6.385,7610,752600867.0,471
20352,201007082937,12.7355,7.251,15515,543284256.0,473
284053,201710029669,12.7229,7.584,21300,855301806.0,474
372049,201512037283,12.7199,6.833,12,0.0,475
1164355,202409199265,12.6822,7.2,10,0.0,478
252978,197501074405,12.6819,6.0,1,0.0,479
312221,201511254913,12.6546,7.408,7650,173600000.0,480
800409,202104262057,12.6325,5.179,14,0.0,481
566525,202109015209,12.6289,7.5,9869,432243292.0,482
302946,201610139022,12.6098,7.126,6905,155160045.0,483
846433,202209221095,12.582,7.087,452,0.0,484
37165,199806042908,12.5763,8.148,19185,264100000.0,485
4348,200509163191,12.5754,8.062,8364,124604345.0,486
588228,202109033458,12.5726,7.505,3784,14400000.0,487
384018,201907319198,12.5721,6.8,7453,760098996.0,488
79871,199304179947,12.5504,6.3,38,1575158.0,489
640,200212168976,12.5499,7.978,16258,352114312.0,490
1125899,202502197322,12.5487,6.47,312,1314073.0,491
469877,201703142026,12.5205,4.4,53,0.0,492
10625,200404305449,12.4784,7.22,9090,130193514.0,493
568124,202110136428,12.4734,7.586,9819,261292688.0,494
1249289,202501168703,12.4574,5.783,329,0.0,495
998630,202307013044,12.4235,6.583,6,0.0,496
1924,197812148810,12.4076,7.149,4034,300478449.0,497
205596,201411142321,12.3776,7.992,17459,233555708.0,498
953,200505256842,12.3582,6.915,11223,542064525.0,499
1309584,202504249155,12.3366,6.423,14,0.0,500
652,200405134402,12.3243,7.167,10549,497409852.0,501
55779,201108123225,12.3191,6.147,3818,157887643.0,502
166426,201705239406,12.2979,6.652,12329,795922298.0,504
1337395,202409276643,12.2744,6.8,5,0.0,505
1405338,202502267231,12.2609,7.034,264,0.0,506
490132,201811167426,12.2476,8.227,12164,321752656.0,507
1297763,202503175084,12.2457,6.703,192,0.0,508
458220,202101282302,12.2411,8.139,1783,0.0,509
940551,202312063663,12.2228,7.4,2076,298776052.0,510
74,200506285328,12.2025,6.521,8691,603873119.0,511
137113,201405272262,12.1702,7.632,14339,370541256.0,512
437542,201701199765,12.1513,4.2,4,0.0,514
926393,202308303045,12.1504,7.3,3370,191067560.0,515
335983,201809286223,12.1378,6.829,16670,856085151.0,516
572802,202312203009,12.1299,6.594,3164,440181226.0,517
4935,200409098089,12.1267,8.397,10442,236049757.0,518
10674,199806185487,12.1125,7.905,10050,304320254.0,519
346364,201709069341,12.0973,7.237,19481,704242888.0,521
1042834,202504107113,12.0801,7.132,151,825041.0,522
464052,202012168531,12.0751,6.402,8713,169601036.0,523
63311,201108171131,12.0657,7.493,4391,33750478.0,524
47971,201701139234,12.0567,6.135,9072,346118277.0,526
73861,201001063860,12.0483,5.448,2089,0.0,527
45243,201105257359,12.0433,6.491,10802,586764305.0,528
1064028,202408153647,12.0417,6.67,802,262793.0,529
372058,201608267964,12.0382,8.482,11908,358000000.0,530
839033,202412054747,12.0267,6.615,660,20658572.0,532
762441,202406261187,12.008,6.711,2891,261907653.0,533
679,198607181206,12.0076,7.954,10238,183316455.0,534
10195,201104214453,11.9922,6.77,21669,449326618.0,535
11224,195002222930,11.9893,7.045,6902,263600000.0,536
102651,201405281982,11.9856,7.089,13370,758539785.0,537
587727,201903089387,11.9768,7.394,33,0.0,538
854,199407291389,11.9625,6.967,10686,351583407.0,539
1266536,202407193292,11.9504,10.0,1,0.0,540
1257960,202503293204,11.9483,4.754,57,24727058.0,541
24021,201006232527,11.9477,6.204,8952,698491347.0,542
985939,202208118844,11.9441,7.136,4200,17363261.0,543
792307,202312077579,11.9298,7.7,4881,117607117.0,544
50620,201211136456,11.9171,6.5,9094,829747654.0,545
1129598,202403154692,11.8908,6.048,335,0.0,546
260346,201412166563,11.8781,6.263,5910,325800000.0,548
420818,201907129156,11.8763,7.108,10438,1662020819.0,549
564,199904169429,11.8757,6.9,9429,415885488.0,550
50619,201111167122,11.8627,6.199,8977,712171856.0,551
992638,202408237728,11.8418,5.083,12,0.0,552
9358,200301313416,11.8369,6.3,4504,90941129.0,553
670,200311215611,11.8361,8.252,9141,17500000.0,554
10681,200806226064,11.8315,8.102,19403,521311860.0,555
480530,201811218991,11.8305,7.033,5571,214200000.0,556
333339,201803283077,11.8069,7.586,16160,607274134.0,559
939099,202203201956,11.7981,6.333,3,0.0,560
18239,200911182205,11.7938,5.992,9427,709827462.0,561
577922,202008227280,11.7794,7.179,10399,365304105.0,564
9502,200806047858,11.7776,7.303,12038,632091832.0,565
286217,201509302377,11.7751,7.689,20337,631058917.0,566
12155,201003032811,11.7669,6.635,14333,1025467110.0,567
438695,202112015771,11.7658,7.845,4592,408402685.0,568
1411773,202410181652,11.7632,7.95,30,0.0,569
273477,201510234549,11.7629,6.552,1986,14900000.0,570
929590,202404108579,11.7495,6.859,3742,126542249.0,571
284054,201802136988,11.735,7.371,22722,1349926083.0,573
204082,201311122799,11.7222,6.945,3629,51695362.0,575
10193,201006168153,11.715,7.8,15098,1067316101.0,576
105825,199203059225,11.6908,5.7,24,1201428.0,577
1104845,202503084157,11.6855,6.769,119,0.0,579
9820,199807288958,11.6734,7.215,4327,92108518.0,580
119051,202211231316,874.1848,8.408,9378,,1
121876,201404258083,432.3092,7.333,6,,2
79744,201810167647,208.7467,8.526,2620,,3
93405,202109172806,184.2428,7.863,16582,,4
2734,199909202820,184.0512,7.937,3990,,5
1416,200503275417,160.2001,8.221,10594,,6
194766,202206168549,157.3885,8.165,878,,7
1405,200610013440,150.3579,8.215,4793,,8
1622,200509132408,148.2357,8.299,7933,,9
1434,199901311884,134.3245,7.393,4629,,10
196890,202507315639,131.6725,7.022,69,,11
256911,202407023804,130.8319,10.0,1,,12
1399,201104175456,124.7967,8.457,25362,,13
4614,200309236297,123.3346,7.623,2385,,14
2288,200508292931,119.8427,8.077,5528,,15
549,199009132085,116.5863,7.402,628,,16
456,198912179788,116.1334,8.014,10310,,17
4057,200509228952,115.0949,8.311,3909,,18
292035,202506166992,114.9145,8.057,35,,19
1396,200801207792,111.3406,8.925,15927,,20
764,199703232831,107.1465,7.508,328,,21
207484,202508087664,104.6938,9.0,14,,22
279060,202506053545,98.2016,8.015,402,,23
1408,200411166535,92.5997,8.592,7042,,24
157239,202508126825,91.4912,8.5,45,,25
1431,200010063378,91.2916,7.635,1304,,26
207468,202404134692,89.7068,8.555,587,,27
2224,199607226625,85.6838,6.387,591,,28
60625,201312026252,84.6611,8.688,10346,,29
34307,201101095857,83.7195,8.163,2978,,30
1433,200502069950,82.9874,6.979,2235,,31
60585,201501142049,82.4758,7.922,638,,32
1402,201010315347,82.4293,8.095,17114,,33
240411,202410041914,82.0964,8.639,598,,34
46952,201309238785,81.9294,7.639,3331,,35
244808,202507194648,80.133,7.3,13,,37
18165,200909102062,79.7072,8.314,9272,,38
63174,201601251875,79.4486,8.446,15083,,39
44217,201303032414,77.649,8.096,7261,,40
66732,201607151201,77.5656,8.596,18598,,41
4376,199509236011,75.6957,7.332,367,,42
693,200410038924,74.8657,7.918,1951,,43
1668,199409222369,74.582,8.43,8501,,44
5920,200809233408,73.7925,8.361,3970,,45
1412,201210106177,72.256,6.826,6107,,46
1419,200903098475,71.8182,7.985,1969,,47
60735,201410076557,71.4286,7.77,11356,,48
207332,202501114512,70.7976,8.099,202,,49
4604,200110168289,70.3526,8.204,4222,,50
2316,200503242088,69.83,8.581,4630,,51
210865,202209237397,69.1125,8.197,76,,52
124364,202202206936,68.8525,8.191,2058,,53
65334,201510194418,68.4399,8.045,4505,,55
259909,202507139284,67.8992,8.929,119,,56
2691,200309224129,67.2344,7.447,3446,,57
256721,202507063624,65.7766,9.0,62,,58
1421,200909235594,65.7366,7.9,3037,,59
1620,200209234055,65.5102,7.712,1639,,60
4607,200409225139,64.1308,7.94,4630,,61
93740,202109231175,64.0617,7.756,1443,,62
57243,200503265018,63.1472,7.556,3176,,63
73586,201806205479,62.7535,8.252,2829,,64
3034,197011298072,62.7157,6.1,115,,65
4177,195709219754,62.5659,7.719,128,,66
243224,202507275286,62.3312,7.0,17,,67
1973,200111062106,62.0029,7.791,1631,,68
37680,201106237127,61.5506,8.224,5340,,69
1667,197510118100,61.2647,7.0,457,,70
32798,201009205852,61.0048,7.754,1785,,71
81356,201901118703,60.2681,8.229,7550,,72
2179,197610038247,59.5912,7.495,111,,73
1018,195909125508,59.4802,7.512,448,,74
32692,201009241909,58.8347,7.794,939,,75
4656,199301115034,58.3461,6.774,336,,76
1823,197709247904,58.0941,6.253,186,,77
60574,201309125590,57.8854,8.529,10487,,78
873,197109155823,57.6634,8.093,753,,79
127532,202401073919,57.1175,8.612,1305,,80
58841,201401086086,56.6621,8.409,2480,,81
232230,202506283992,56.3986,9.1,43,,82
1447,200607076547,56.282,7.9,882,,83
1100,200509199139,56.1731,8.142,5308,,84
98031,201410105415,55.9477,5.8,9,,85
2190,199708133180,55.8058,8.4,4643,,86
240686,202508064321,55.792,10.0,3,,87
2261,196210012090,55.7625,7.459,86,,88
71712,201709256615,55.7335,8.474,12607,,89
71790,201711027860,55.5833,8.1,1494,,90
1398,199901105143,54.9285,8.65,3073,,91
247718,202503302903,54.5047,8.445,355,,92
206559,200510131896,53.7141,5.624,97,,93
238331,202102069980,53.0895,0.0,0,,94
57532,201308123956,52.9583,7.0,785,,95
59941,201402174438,51.8342,5.8,351,,96
3562,197403039403,51.1972,7.039,129,,97
34524,201106053828,51.0725,8.5,4489,,98
296834,202507264566,50.7566,6.778,9,,99
46260,200210039921,50.6068,8.364,5747,,100
37606,201105037699,50.5766,8.536,1601,,101
4582,196703286878,50.3946,6.8,64,,102
1981,199810072791,50.325,8.2,2409,,103
2122,199701126997,50.3101,7.4,614,,104
65733,200504228822,50.2952,8.008,192,,105
75219,201801033637,49.7029,8.217,2650,,107
790,198901086059,49.01,8.16,512,,108
230318,202306156197,49.003,8.3,7,,109
4087,199309107079,48.7215,8.377,3295,,110
30984,200410058801,48.6846,8.37,1972,,111
4546,200010152814,48.6573,8.019,826,,112
2004,200001094467,48.2536,8.474,4584,,113
108978,202202033494,47.6826,8.098,2413,,114
106,196010035479,47.5671,7.633,154,,115
78191,201809092889,47.0829,8.032,3611,,116
60572,199704016274,46.8567,7.921,2005,,117
90802,202208053462,46.7616,7.912,2327,,118
4601,200109309365,46.5781,7.6,356,,119
128052,202011252875,46.5714,4.1,7,,120
106449,202007252698,46.5073,8.7,50,,121
62650,201511173624,46.443,8.294,1197,,122
1220,200702226168,46.2388,7.185,270,,123
4629,199707277934,46.0107,8.288,1675,,124
125988,202305047990,45.9894,8.138,1665,,125
1409,200809038291,45.6063,8.423,3050,,126
484,198409304239,45.5447,7.5,403,,127
953,195709222303,45.4368,6.782,39,,128
12447,195410073590,44.745,3.273,11,,129
76479,201907258663,44.6447,8.451,11156,,130
46296,201001223936,44.5705,8.028,2674,,131
502,196911101851,44.5343,7.1,267,,132
1695,200207123896,44.3812,7.953,1158,,133
223911,202309255193,44.3265,9.118,17,,134
71932,198401014341,44.3209,5.739,23,,135
256317,202506256359,44.1912,7.427,55,,136
241388,202508017426,44.1769,5.8,80,,137
2593,200209265148,43.9833,7.259,264,,138
2661,197104035821,43.9434,6.4,88,,139
41956,201110255122,43.9081,7.446,286,,140
2287,196601127330,43.906,7.303,560,,141
248852,202507172632,43.5734,7.402,198,,142
61818,201402253778,43.517,5.323,113,,143
42009,201112048245,43.382,8.285,5633,,144
22980,200907165056,43.0822,5.083,78,,146
46648,201401125180,43.0359,8.282,3726,,147
17610,200909221925,42.9622,7.534,1197,,148
222766,202411075227,42.9213,8.19,717,,149
3828,198101158687,42.864,7.6,111,,150
15260,201004054165,42.6738,8.505,2926,,151
82873,201909094123,42.6655,6.515,66,,152
12337,195509064758,42.65,6.75,20,,153
57706,198904151457,42.3092,8.617,1458,,154
153312,202211136866,42.2841,8.3,2200,,155
4046,200205138479,42.2664,7.7,135,,156
64199,201508076377,42.0371,7.51,363,,157
1877,200708175179,41.7722,7.9,934,,158
1422,200909301256,41.7253,7.574,684,,159
1606,200509235295,41.461,8.079,1790,,161
12971,198904264524,41.203,8.352,4636,,162
95557,202103251833,41.1629,8.633,5060,,163
4482,196409179632,40.9929,7.864,702,,164
62688,201510264566,40.9048,7.297,4268,,165
95479,202010037985,40.8264,8.579,3910,,166
3050,199703047605,40.5815,7.7,106,,167
48866,201403198679,40.5519,7.891,8335,,168
74016,201801214952,40.4348,8.405,1262,,169
1400,198907056873,40.3863,8.262,2147,,170
85552,201906169808,40.2671,8.295,10102,,171
10180,196209196741,40.2643,6.344,32,,172
10083,196309178105,40.1886,7.207,58,,173
39351,201110281162,39.8055,8.265,3363,,174
1450,200506138220,39.6256,7.856,315,,175
11576,196310048191,39.3232,5.714,7,,177
48891,201309179114,39.2906,8.2,3647,,178
200709,202211181574,39.2356,8.534,276,,179
1181,198810043190,39.1329,7.4,36,,180
241002,202401088559,39.1245,6.5,26,,181
77169,201805022500,39.098,8.2,6674,,182
80748,201809252401,39.0366,7.9,851,,183
45,200210209349,39.0316,7.509,802,,184
235351,202406175809,38.9293,7.6,10,,185
1737,195209254924,38.9235,6.3,9,,186
4660,196809219624,38.9173,6.929,42,,187
496,198209225315,38.823,7.254,242,,188
30801,200708051343,38.804,7.089,28,,189
688,199909229154,38.5406,8.26,521,,190
95,199703107330,38.4042,8.119,1858,,192
4386,198904235614,38.3036,5.97,505,,193
46298,201110023400,38.259,8.7,1917,,194
3782,195809309361,38.0442,5.5,11,,195
5092,200504236599,38.0136,7.7,20,,196
85077,201904213381,38.0076,8.656,599,,197
231280,202505313278,37.8666,8.66,100,,198
62710,201509214842,37.8112,7.382,2484,,199
95897,202001064646,37.7908,7.6,65,,200
609,196509151950,37.5381,7.306,67,,202
111803,202107113054,37.3543,7.616,1150,,203
17362,196109276144,37.2563,5.5,18,,204
2352,199311037288,37.0526,8.076,1216,,205
84773,202209014898,37.0211,7.289,3380,,206
3452,199309161513,37.007,7.7,813,,207
123249,202201092682,36.9815,8.487,779,,208
31132,201009061950,36.9269,8.627,2124,,209
100088,202301153393,36.8607,8.496,6371,,210
1403,201309248511,36.792,7.479,3630,,211
97,199509133999,36.7357,6.527,164,,212
233643,202310029234,36.7254,5.6,23,,213
76669,201810053516,36.6477,8.024,9258,,214
2774,195910153274,36.5533,7.839,121,,215
14575,195606246422,36.537,5.6,5,,216
4608,200610112969,36.4976,7.461,729,,217
4544,200007235968,36.256,7.1,13,,218
90,200309038922,36.2416,8.205,266,,219
21145,198310307826,36.2143,7.1,25,,220
10536,196112112351,36.1284,5.375,8,,221
80752,201911016672,36.1065,8.099,2676,,222
655,198709282937,36.0959,8.369,1606,,223
71694,201707059521,36.0678,8.363,630,,224
215995,202506263240,35.9348,5.8,35,,225
12225,200405317238,35.9159,6.575,707,,226
97072,201911222393,35.8334,6.0,1,,227
290276,202507309260,35.8167,6.6,22,,228
105,199806065649,35.8144,7.389,2072,,229
253,196609087651,35.6853,8.014,1364,,230
60622,201404159467,35.6033,8.291,2947,,231
133748,202307271536,35.4114,7.8,416,,232
31910,200702152717,35.3151,8.533,8396,,234
2187,200307234278,35.311,7.161,168,,235
1418,200709243865,35.2696,7.912,11889,,236
1759,198409209455,35.2277,7.003,442,,237
4588,199409195615,35.1411,7.829,868,,238
1438,200206022849,35.1138,8.602,2417,,239
1705,200809092106,35.0615,8.139,2599,,240
1395,200709198409,35.0561,8.188,2199,,241
95603,201911205860,35.0456,7.975,281,,242
258025,202506233210,35.0333,8.8,51,,243
2140,199609131335,34.8817,6.799,601,,244
4586,200010057790,34.8278,7.887,1133,,245
103516,202205051753,34.7575,8.068,639,,246
94997,202208211328,34.7151,8.331,5431,,247
95396,202202173601,34.6975,8.405,2115,,248
66465,201604231014,34.6616,7.069,36,,249
91552,201907105492,34.504,6.572,97,,251
204746,202209127733,34.4975,5.981,26,,252
1966,196402044061,34.4526,7.516,32,,253
141,198209309555,34.426,7.6,612,,254
88924,201402262386,34.3637,6.7,6,,255
918,197209174510,34.3268,7.9,694,,256
1415,201209276118,34.2967,7.6,1708,,257
10649,195809247886,34.2621,6.2,17,,258
1413,201110054918,34.2525,8.108,5809,,259
1417,200905193921,34.2259,6.78,879,,260
72649,201503121505,34.1069,7.405,63,,261
60059,201502083758,33.8178,8.696,5794,,262
2025,199010047344,33.7541,7.348,768,,263
2370,200505305028,33.7415,6.824,301,,264
1918,198509276686,33.6788,7.745,233,,265
69478,201704269676,33.6388,8.165,3000,,266
63770,201509089203,33.6241,6.243,323,,267
5133,195710042339,33.5893,6.922,77,,268
10980,195709145990,33.5645,7.427,41,,269
56570,201408096924,33.2983,8.193,2700,,271
13897,196110027492,33.2197,5.6,14,,272
3750,200307228450,33.1472,7.195,495,,273
1781,197409118789,33.1459,7.932,923,,274
651,196809247189,33.1007,6.74,75,,275
154770,202201014364,33.0906,6.7,6,,276
2840,199710068505,33.0815,6.761,90,,277
1411,201109229718,33.028,8.074,1873,,278
36,200501031562,32.9579,7.465,545,,279
112211,202305238109,32.8509,6.9,147,,280
85723,202009035540,32.6598,7.534,1637,,281
40,197804025923,32.5682,6.836,223,,283
13654,197010154048,32.5329,6.333,9,,284
62176,200402271419,32.186,7.0,1,,285
220542,202310221513,32.1385,8.7,409,,286
13805,200610306150,32.1144,5.2,16,,287
4500,198801315729,32.0054,8.328,1037,,288
2093,198603037944,31.9811,7.108,121,,289
5368,195409125261,31.9537,6.1,65,,290
241554,202505152244,31.8373,7.4,266,,291
615,199903289261,31.8183,8.371,3477,,292
2875,198509298839,31.7405,7.7,868,,293
39272,201110233245,31.7199,7.4,2358,,295
69050,201701261845,31.6674,8.426,13586,,296
213338,202311083813,31.6016,7.192,107,,297
2710,200508045230,31.5609,8.3,1192,,298
3022,199108117366,31.514,7.61,719,,299
607,199811182805,31.4299,7.5,943,,301
3213,196909233890,31.3348,6.5,19,,302
4630,200103304374,31.217,7.586,1042,,303
93,198112041742,31.1579,5.538,52,,304
96580,202101278944,31.1112,7.814,850,,305
95480,202204019349,31.102,7.992,606,,306
46896,201310036269,31.0094,8.592,3452,,307
100757,202004153733,30.998,8.346,1078,,308
39185,201105011205,30.9909,7.457,161,,309
232402,202507113845,30.9351,7.7,109,,310
2686,197703153413,30.8925,7.655,164,,312
1908,198409168362,30.8201,7.452,462,,313
62643,201601217768,30.7991,7.274,2365,,314
71914,202111187678,30.7903,7.646,2275,,315
4610,200603241783,30.7881,7.1,686,,316
1930,196209261486,30.6076,6.858,123,,317
33238,201007111064,30.4689,8.272,195,,318
81723,202201242352,30.3997,7.657,217,,320
97546,202008144393,30.3564,8.4,2013,,321
79481,201701079792,30.3187,8.3,47,,322
1414,200203123460,30.3005,8.145,790,,323
4397,199809267306,30.2629,5.3,65,,324
127235,202110219322,30.2416,7.2,1018,,325
2673,200308059820,30.2068,7.753,869,,326
3382,197609229258,30.1916,6.7,212,,327
3346,196309245469,30.1601,5.803,38,,328
2730,195110153397,30.0593,7.866,235,,329
14944,195001305325,30.0588,5.6,7,,330
2484,200204296842,29.9545,2.0,1,,331
1530,196009292037,29.8619,6.4,34,,332
1855,199501169109,29.7692,7.797,1007,,333
112888,202012098277,29.747,8.263,2443,,334
283123,202503195101,29.7102,7.7,11,,335
240,200009095019,29.6991,8.164,837,,336
4349,199207089664,29.6935,5.883,163,,337
5375,197201228658,29.4893,7.815,46,,339
111110,202308313842,29.4279,8.161,1360,,340
39852,201708022373,29.3779,7.492,1140,,341
30048,195604018452,29.3487,5.917,12,,342
1920,199004085313,29.2213,8.3,2297,,343
39269,201204055357,29.1823,7.147,567,,344
2222,200101078781,29.1552,7.0,13,,345
60708,201409222014,29.1425,7.594,3529,,346
30,198210269112,29.1335,5.567,89,,347
4239,198704056236,29.1085,7.714,1095,,348
71789,201709275190,28.9873,8.036,1572,,349
47,197302265918,28.8851,8.01,1960,,351
1972,200410187923,28.7815,8.21,1643,,352
10545,200809071373,28.7775,7.62,1939,,353
4357,196609174785,28.6051,7.6,285,,354
2171,200309285293,28.5601,7.779,410,,355
14929,200710145803,28.5512,8.3,565,,356
67384,201610134929,28.5252,7.571,435,,357
33217,201011266632,28.4963,8.4,1153,,358
3769,198101124398,28.4234,6.517,119,,359
7225,200809204655,28.3921,7.83,1034,,360
1215,200708132319,28.3667,7.7,1182,,361
86831,201903154266,28.3326,8.233,3643,,362
239826,202507091281,28.2949,7.176,88,,363
21762,201003024022,28.2736,7.435,153,,364
31917,201006084361,28.264,7.984,2692,,365
45140,201304232585,28.2482,6.5,665,,366
709,200502201985,28.233,7.644,520,,367
33907,201009262741,28.0926,8.118,1091,,368
512,199909233152,27.9121,7.918,219,,369
63333,201510107896,27.882,8.254,1839,,370
11096,196709107506,27.8802,6.5,23,,371
1871,198502197913,27.8662,4.2,214,,372
30983,199601087047,27.7809,8.0,706,,373
74428,201610303778,27.7648,7.57,1694,,374
1940,200407182592,27.744,7.361,583,,376
1636,196401015346,27.6847,6.6,42,,377
243881,202502275979,27.65,7.9,160,,378
32415,201011082053,27.6292,7.113,239,,379
37854,199910207005,27.5682,8.7,4960,,380
12786,200801243176,27.5535,7.715,267,,381
94664,202101118616,27.5369,8.557,1326,,382
67198,201709249386,27.5173,7.017,1890,,383
732,198609154120,27.4379,7.1,71,,384
578,200501234442,27.4225,7.031,399,,385
1950,200209162391,27.3785,7.554,203,,386
74225,201706057178,27.3642,9.7,11,,387
2359,199609177290,27.329,7.072,307,,388
1104,200707197617,27.3028,8.126,1347,,389
2625,199310296441,27.2556,7.1,115,,390
291,196012096575,27.2188,5.416,113,,391
12323,199705258450,27.1584,7.237,57,,392
4556,200110029717,27.1183,8.013,1975,,393
14658,200005316218,27.0516,7.331,406,,394
2327,199801206291,27.0384,7.341,563,,395
5371,200709088747,27.0275,7.986,1484,,396
945,196309205928,27.0062,6.0,11,,397
110316,202012109322,26.9863,8.158,2295,,398
3716,195112167305,26.972,6.4,32,,399
62852,201601176570,26.9346,7.743,956,,400
231100,202309213557,26.9103,8.8,21,,401
10929,196509177264,26.9075,7.5,75,,402
32895,201007122158,26.8705,7.895,446,,404
4454,199809212883,26.8459,6.848,521,,405
46880,201306037228,26.7965,7.538,316,,406
82728,201810015944,26.7955,8.595,630,,407
2391,198906108165,26.792,7.954,919,,408
6081,195709188531,26.7434,6.3,26,,409
4313,198709228205,26.5402,7.542,1059,,411
799,198404246029,26.4979,8.117,231,,412
46195,200907031759,26.4477,8.112,488,,414
136315,202206234058,26.4471,8.159,1429,,415
215522,202506182518,26.3649,7.21,88,,417
4316,196210028445,26.3557,7.671,105,,418
117581,202102248112,26.3349,8.057,1699,,419
2026,199909196495,26.2706,7.5,80,,420
4620,200607185070,26.2463,7.764,656,,421
1558,199109177028,26.2181,7.375,655,,422
10283,200909173379,26.1907,8.0,1328,,423
4194,200810033774,26.1822,8.469,2177,,424
4860,200106185497,26.172,7.2,41,,425
21510,200910231132,26.1535,8.248,1445,,426
1663,197401188145,26.1372,7.258,409,,427
114471,202506244780,26.1204,5.469,311,,428
21728,196209201364,26.1176,7.822,73,,429
60866,201503177998,26.1007,7.792,2857,,430
720,198709187905,26.0532,7.6,680,,431
61889,201504103660,26.0291,8.2,4820,,432
2303,196809201884,25.9513,7.122,147,,433
113962,202307232727,25.8693,8.03,1033,,434
2406,200109248785,25.8495,7.2,153,,435
2813,196709165321,25.841,6.686,51,,436
65942,201604041414,25.8306,7.828,532,,437
41727,201301112149,25.7359,7.972,1266,,438
5367,195910075004,25.6872,5.2,9,,439
1420,201109204502,25.6794,7.357,1521,,440
1514,200608145393,25.6295,4.607,28,,441
19885,201007256987,25.624,8.512,5857,,442
209867,202309293998,25.5265,8.755,491,,443
2384,198209267030,25.5244,7.539,1346,,444
33880,201204146283,25.5196,8.216,2179,,445
79593,201809246085,25.5013,7.587,305,,446
220150,202304142147,25.4743,9.0,85,,447
63401,201508246325,25.4265,7.723,1809,,448
1448,198709292834,25.3923,6.259,27,,449
52,199808239683,25.3866,7.949,1488,,450
83853,201509283761,25.3771,8.0,2,,451
131041,202210092260,25.2831,8.237,495,,452
106379,202404108891,25.2636,8.238,1994,,453
33765,201010102516,25.2259,8.173,683,,454
20532,196510195452,25.2043,5.0,7,,455
1791,200109259275,25.1666,6.8,49,,456
15487,195108035471,25.1593,6.0,6,,457
954,197409139259,25.1346,7.539,115,,458
3626,200206117861,25.0904,5.122,168,,459
60694,201404275100,25.0852,7.839,731,,460
50,199603025624,25.0655,5.356,87,,461
14951,198210103537,25.0568,8.1,37,,462
500,199209239596,24.9885,6.67,233,,463
135934,202201272001,24.9664,8.229,515,,464
43348,201205287992,24.9404,7.627,3633,,465
5021,197209149401,24.9319,7.1,98,,466
10048,198306065425,24.913,8.333,42,,467
3322,199707124077,24.869,8.0,777,,469
121,196311232337,24.8688,7.9,666,,470
1516,198301234394,24.8291,7.467,1010,,471
2345,200206072010,24.7818,7.547,523,,472
186,200508077553,24.7785,7.485,919,,473
1424,201307111808,24.674,7.657,2648,,475
1803,197908241873,24.6316,7.0,96,,476
292554,202507077319,24.5566,8.0,1,,477
3172,200709268220,24.472,7.5,336,,478
6467,199409183826,24.4579,7.243,76,,479
62017,201501155868,24.4542,7.515,1354,,480
11053,196409244553,24.433,6.867,30,,481
31572,197110247357,24.3951,8.043,115,,482
4060,196909244353,24.3837,6.1,13,,483
71912,201912208950,24.357,8.019,6208,,484
62286,201508236876,24.3113,7.646,5036,,485
91239,202012251052,24.2575,8.094,3000,,487
39340,201109199133,24.2475,7.189,1610,,488
27119,198211028817,24.2419,7.4,16,,489
61056,201409258881,24.1967,7.835,1676,,490
1260,199403057641,24.1723,7.203,69,,491
3670,198903112873,24.1586,6.654,178,,492
341,200609242880,24.1489,7.1,186,,493
69158,201702199162,24.1411,7.6,308,,494
61222,201408221393,24.1174,8.545,2598,,495
120089,202204095529,24.0994,8.548,2056,,496
31654,199903074996,24.0965,8.062,867,,497
4229,199604286956,24.0952,7.661,833,,498
1274,200106036324,24.0225,8.097,1018,,499
245215,202404075365,23.9821,6.0,1,,500
63351,201508284389,23.8978,8.055,3013,,501
247767,202503258960,23.8522,7.7,172,,502
2191,197512164834,23.8356,6.683,60,,503
1996,196009302054,23.8302,7.424,932,,504
67557,201611174969,23.8111,7.99,786,,506
3469,197910299961,23.7991,6.8,25,,507
580,199301034388,23.794,7.89,865,,508
96102,202003121768,23.7766,8.5,150,,509
133727,202110081038,23.7248,7.333,351,,510
1685,200412014685,23.7094,6.3,105,,511
128839,202109284987,23.696,7.444,1533,,512
155537,202207071968,23.6778,8.111,791,,513
244043,202309182053,23.6326,8.0,5,,515
4018,198903266220,23.62,8.027,728,,516
4464,199301311303,23.6199,8.053,133,,517
17887,200004041859,23.6118,7.5,2,,518
65282,201303222480,23.5422,7.353,17,,519
52814,202203244966,23.4859,8.254,2995,,520
67136,201609202530,23.4711,8.2,1523,,521
1649,199503226891,23.4614,7.61,449,,522
13335,200401017468,23.4456,7.4,57,,523
10160,200007056407,23.4405,5.016,249,,524
3764,200402243801,23.4389,7.657,169,,525
2979,200201215333,23.4382,7.545,33,,526
61381,201409246116,23.4354,7.17,317,,527
21641,201004043347,23.4065,7.9,420,,528
1508,200506015352,23.3962,5.948,115,,529
2317,200509203087,23.3928,7.664,1034,,530
70523,201712019580,23.389,8.418,7054,,531
67133,201609235085,23.3855,7.3,943,,532
40008,201304043657,23.3836,8.247,2657,,533
63247,201610029416,23.3687,8.034,5795,,535
10952,195901098826,23.3079,7.13,46,,536
503,196609123426,23.2993,6.6,38,,537
1423,201306307313,23.2496,7.502,785,,538
258348,202507025597,23.2463,8.7,22,,539
2586,197201146399,23.2375,7.429,91,,540
2290,200407152548,23.2191,8.0,1087,,541
83867,202209213757,23.1828,8.271,1634,,542
226637,202409171687,23.1791,8.029,279,,543
105660,201310249411,23.1785,9.5,2,,544
474,199603297226,23.1506,6.624,105,,545
1027,196709117769,23.0981,7.7,63,,546
734,198012112260,23.0454,7.297,411,,547
600,199209195204,23.0275,6.693,132,,549
4269,198410069084,23.0111,7.83,395,,550
70796,201703161229,23.002,8.083,857,,551
96316,202007114705,22.9987,8.392,911,,552
4419,200302213108,22.9903,6.029,225,,553
124003,202104237667,22.9048,8.2,17,,554
50825,201309167931,22.8688,7.409,1070,,555
38693,201201115000,22.8668,7.936,747,,556
82739,201810049731,22.8498,8.6,1253,,557
1021,198609065920,22.7842,6.1,83,,558
45790,201210066433,22.7574,8.571,1474,,559
61378,201409216860,22.7303,6.982,310,,561
15819,200907071269,22.6862,7.672,706,,562
4396,199007128693,22.6631,7.9,176,,563
203906,202206055585,22.6623,6.3,22,,564
113360,202101037352,22.6571,6.6,22,,565
2408,199809011892,22.6085,6.912,266,,567
2455,198902285238,22.6054,6.702,57,,568
10534,195109301893,22.6033,7.375,16,,569
63639,201512148551,22.5955,8.066,2593,,570
2396,200303171706,22.5845,5.027,92,,571
131927,202111071601,22.555,7.962,1339,,572
57911,197904027435,22.5498,7.7,594,,573
1638,199901081212,22.5299,6.5,24,,574
61175,201311049354,22.497,8.413,1248,,575
78501,201804023620,22.4766,7.5,11,,576
259812,202409116801,22.473,8.1,10,,577
225634,202409195299,22.4625,7.591,381,,578
1921,196409265654,22.4175,7.415,240,,579
1938,198509145947,22.4087,6.713,40,,580
